roll_number,department,semester,section,student_name,year
24BCS101,CSE,Sem2,A,Student_24BCS101,24
24BCS102,CSE,Sem2,A,Student_24BCS102,24
24BCS103,CSE,Sem2,A,Student_24BCS103,24
24BCS104,CSE,Sem2,A,Student_24BCS104,24
24BCS105,CSE,Sem2,A,Student_24BCS105,24
24BCS106,CSE,Sem2,A,Student_24BCS106,24
24BCS107,CSE,Sem2,A,Student_24BCS107,24
24BCS108,CSE,Sem2,A,Student_24BCS108,24
24BCS109,CSE,Sem2,A,Student_24BCS109,24
24BCS110,CSE,Sem2,A,Student_24BCS110,24
24BCS111,CSE,Sem2,A,Student_24BCS111,24
24BCS112,CSE,Sem2,A,Student_24BCS112,24
24BCS113,CSE,Sem2,A,Student_24BCS113,24
24BCS114,CSE,Sem2,A,Student_24BCS114,24
24BCS115,CSE,Sem2,A,Student_24BCS115,24
24BCS116,CSE,Sem2,A,Student_24BCS116,24
24BCS117,CSE,Sem2,A,Student_24BCS117,24
24BCS118,CSE,Sem2,A,Student_24BCS118,24
24BCS119,CSE,Sem2,A,Student_24BCS119,24
24BCS120,CSE,Sem2,A,Student_24BCS120,24
24BCS121,CSE,Sem2,A,Student_24BCS121,24
24BCS122,CSE,Sem2,A,Student_24BCS122,24
24BCS123,CSE,Sem2,A,Student_24BCS123,24
24BCS124,CSE,Sem2,A,Student_24BCS124,24
24BCS125,CSE,Sem2,A,Student_24BCS125,24
24BCS126,CSE,Sem2,A,Student_24BCS126,24
24BCS127,CSE,Sem2,A,Student_24BCS127,24
24BCS128,CSE,Sem2,A,Student_24BCS128,24
24BCS129,CSE,Sem2,A,Student_24BCS129,24
24BCS130,CSE,Sem2,A,Student_24BCS130,24
24BCS131,CSE,Sem2,A,Student_24BCS131,24
24BCS132,CSE,Sem2,A,Student_24BCS132,24
24BCS133,CSE,Sem2,A,Student_24BCS133,24
24BCS134,CSE,Sem2,A,Student_24BCS134,24
24BCS135,CSE,Sem2,A,Student_24BCS135,24
24BCS136,CSE,Sem2,A,Student_24BCS136,24
24BCS137,CSE,Sem2,A,Student_24BCS137,24
24BCS138,CSE,Sem2,A,Student_24BCS138,24
24BCS139,CSE,Sem2,A,Student_24BCS139,24
24BCS140,CSE,Sem2,A,Student_24BCS140,24
24BCS141,CSE,Sem2,A,Student_24BCS141,24
24BCS142,CSE,Sem2,A,Student_24BCS142,24
24BCS143,CSE,Sem2,A,Student_24BCS143,24
24BCS144,CSE,Sem2,A,Student_24BCS144,24
24BCS145,CSE,Sem2,A,Student_24BCS145,24
24BCS146,CSE,Sem2,A,Student_24BCS146,24
24BCS147,CSE,Sem2,A,Student_24BCS147,24
24BCS148,CSE,Sem2,A,Student_24BCS148,24
24BCS149,CSE,Sem2,A,Student_24BCS149,24
24BCS150,CSE,Sem2,A,Student_24BCS150,24
24BCS151,CSE,Sem2,A,Student_24BCS151,24
24BCS152,CSE,Sem2,A,Student_24BCS152,24
24BCS153,CSE,Sem2,A,Student_24BCS153,24
24BCS154,CSE,Sem2,A,Student_24BCS154,24
24BCS155,CSE,Sem2,A,Student_24BCS155,24
24BCS156,CSE,Sem2,A,Student_24BCS156,24
24BCS157,CSE,Sem2,A,Student_24BCS157,24
24BCS158,CSE,Sem2,A,Student_24BCS158,24
24BCS159,CSE,Sem2,A,Student_24BCS159,24
24BCS160,CSE,Sem2,A,Student_24BCS160,24
24BCS161,CSE,Sem2,A,Student_24BCS161,24
24BCS162,CSE,Sem2,A,Student_24BCS162,24
24BCS163,CSE,Sem2,A,Student_24BCS163,24
24BCS164,CSE,Sem2,A,Student_24BCS164,24
24BCS165,CSE,Sem2,A,Student_24BCS165,24
24BCS166,CSE,Sem2,A,Student_24BCS166,24
24BCS167,CSE,Sem2,A,Student_24BCS167,24
24BCS168,CSE,Sem2,A,Student_24BCS168,24
24BCS169,CSE,Sem2,A,Student_24BCS169,24
24BCS170,CSE,Sem2,A,Student_24BCS170,24
24BCS171,CSE,Sem2,A,Student_24BCS171,24
24BCS172,CSE,Sem2,A,Student_24BCS172,24
24BCS173,CSE,Sem2,A,Student_24BCS173,24
24BCS174,CSE,Sem2,A,Student_24BCS174,24
24BCS175,CSE,Sem2,A,Student_24BCS175,24
24BCS176,CSE,Sem2,A,Student_24BCS176,24
24BCS177,CSE,Sem2,A,Student_24BCS177,24
24BCS178,CSE,Sem2,A,Student_24BCS178,24
24BCS179,CSE,Sem2,A,Student_24BCS179,24
24BCS180,CSE,Sem2,A,Student_24BCS180,24
24BCS181,CSE,Sem2,A,Student_24BCS181,24
24BCS182,CSE,Sem2,A,Student_24BCS182,24
24BCS183,CSE,Sem2,A,Student_24BCS183,24
24BCS184,CSE,Sem2,A,Student_24BCS184,24
24BCS185,CSE,Sem2,A,Student_24BCS185,24
24BCS186,CSE,Sem2,A,Student_24BCS186,24
24BCS187,CSE,Sem2,A,Student_24BCS187,24
24BCS188,CSE,Sem2,A,Student_24BCS188,24
24BCS189,CSE,Sem2,A,Student_24BCS189,24
24BCS190,CSE,Sem2,A,Student_24BCS190,24
24BCS191,CSE,Sem2,A,Student_24BCS191,24
24BCS192,CSE,Sem2,A,Student_24BCS192,24
24BCS193,CSE,Sem2,A,Student_24BCS193,24
24BCS194,CSE,Sem2,A,Student_24BCS194,24
24BCS195,CSE,Sem2,A,Student_24BCS195,24
24BCS196,CSE,Sem2,A,Student_24BCS196,24
24BCS197,CSE,Sem2,A,Student_24BCS197,24
24BCS198,CSE,Sem2,A,Student_24BCS198,24
24BCS199,CSE,Sem2,A,Student_24BCS199,24
24BCS200,CSE,Sem2,A,Student_24BCS200,24
24BCS201,CSE,Sem2,A,Student_24BCS201,24
24BCS202,CSE,Sem2,A,Student_24BCS202,24
24BCS203,CSE,Sem2,A,Student_24BCS203,24
24BCS204,CSE,Sem2,A,Student_24BCS204,24
24BCS205,CSE,Sem2,A,Student_24BCS205,24
24BCS206,CSE,Sem2,A,Student_24BCS206,24
24BCS207,CSE,Sem2,A,Student_24BCS207,24
24BCS208,CSE,Sem2,A,Student_24BCS208,24
24BCS209,CSE,Sem2,A,Student_24BCS209,24
24BCS210,CSE,Sem2,A,Student_24BCS210,24
24BCS211,CSE,Sem2,A,Student_24BCS211,24
24BCS212,CSE,Sem2,A,Student_24BCS212,24
24BCS213,CSE,Sem2,A,Student_24BCS213,24
24BCS214,CSE,Sem2,A,Student_24BCS214,24
24BCS215,CSE,Sem2,A,Student_24BCS215,24
24BCS216,CSE,Sem2,A,Student_24BCS216,24
24BCS217,CSE,Sem2,A,Student_24BCS217,24
24BCS218,CSE,Sem2,A,Student_24BCS218,24
24BCS219,CSE,Sem2,A,Student_24BCS219,24
24BCS220,CSE,Sem2,A,Student_24BCS220,24
24BCS151,CSE,Sem2,B,Student_24BCS151,24
24BCS152,CSE,Sem2,B,Student_24BCS152,24
24BCS153,CSE,Sem2,B,Student_24BCS153,24
24BCS154,CSE,Sem2,B,Student_24BCS154,24
24BCS155,CSE,Sem2,B,Student_24BCS155,24
24BCS156,CSE,Sem2,B,Student_24BCS156,24
24BCS157,CSE,Sem2,B,Student_24BCS157,24
24BCS158,CSE,Sem2,B,Student_24BCS158,24
24BCS159,CSE,Sem2,B,Student_24BCS159,24
24BCS160,CSE,Sem2,B,Student_24BCS160,24
24BCS161,CSE,Sem2,B,Student_24BCS161,24
24BCS162,CSE,Sem2,B,Student_24BCS162,24
24BCS163,CSE,Sem2,B,Student_24BCS163,24
24BCS164,CSE,Sem2,B,Student_24BCS164,24
24BCS165,CSE,Sem2,B,Student_24BCS165,24
24BCS166,CSE,Sem2,B,Student_24BCS166,24
24BCS167,CSE,Sem2,B,Student_24BCS167,24
24BCS168,CSE,Sem2,B,Student_24BCS168,24
24BCS169,CSE,Sem2,B,Student_24BCS169,24
24BCS170,CSE,Sem2,B,Student_24BCS170,24
24BCS171,CSE,Sem2,B,Student_24BCS171,24
24BCS172,CSE,Sem2,B,Student_24BCS172,24
24BCS173,CSE,Sem2,B,Student_24BCS173,24
24BCS174,CSE,Sem2,B,Student_24BCS174,24
24BCS175,CSE,Sem2,B,Student_24BCS175,24
24BCS176,CSE,Sem2,B,Student_24BCS176,24
24BCS177,CSE,Sem2,B,Student_24BCS177,24
24BCS178,CSE,Sem2,B,Student_24BCS178,24
24BCS179,CSE,Sem2,B,Student_24BCS179,24
24BCS180,CSE,Sem2,B,Student_24BCS180,24
24BCS181,CSE,Sem2,B,Student_24BCS181,24
24BCS182,CSE,Sem2,B,Student_24BCS182,24
24BCS183,CSE,Sem2,B,Student_24BCS183,24
24BCS184,CSE,Sem2,B,Student_24BCS184,24
24BCS185,CSE,Sem2,B,Student_24BCS185,24
24BCS186,CSE,Sem2,B,Student_24BCS186,24
24BCS187,CSE,Sem2,B,Student_24BCS187,24
24BCS188,CSE,Sem2,B,Student_24BCS188,24
24BCS189,CSE,Sem2,B,Student_24BCS189,24
24BCS190,CSE,Sem2,B,Student_24BCS190,24
24BCS191,CSE,Sem2,B,Student_24BCS191,24
24BCS192,CSE,Sem2,B,Student_24BCS192,24
24BCS193,CSE,Sem2,B,Student_24BCS193,24
24BCS194,CSE,Sem2,B,Student_24BCS194,24
24BCS195,CSE,Sem2,B,Student_24BCS195,24
24BCS196,CSE,Sem2,B,Student_24BCS196,24
24BCS197,CSE,Sem2,B,Student_24BCS197,24
24BCS198,CSE,Sem2,B,Student_24BCS198,24
24BCS199,CSE,Sem2,B,Student_24BCS199,24
24BCS200,CSE,Sem2,B,Student_24BCS200,24
24BCS201,CSE,Sem2,B,Student_24BCS201,24
24BCS202,CSE,Sem2,B,Student_24BCS202,24
24BCS203,CSE,Sem2,B,Student_24BCS203,24
24BCS204,CSE,Sem2,B,Student_24BCS204,24
24BCS205,CSE,Sem2,B,Student_24BCS205,24
24BCS206,CSE,Sem2,B,Student_24BCS206,24
24BCS207,CSE,Sem2,B,Student_24BCS207,24
24BCS208,CSE,Sem2,B,Student_24BCS208,24
24BCS209,CSE,Sem2,B,Student_24BCS209,24
24BCS210,CSE,Sem2,B,Student_24BCS210,24
24BCS211,CSE,Sem2,B,Student_24BCS211,24
24BCS212,CSE,Sem2,B,Student_24BCS212,24
24BCS213,CSE,Sem2,B,Student_24BCS213,24
24BCS214,CSE,Sem2,B,Student_24BCS214,24
24BCS215,CSE,Sem2,B,Student_24BCS215,24
24BCS216,CSE,Sem2,B,Student_24BCS216,24
24BCS217,CSE,Sem2,B,Student_24BCS217,24
24BCS218,CSE,Sem2,B,Student_24BCS218,24
24BCS219,CSE,Sem2,B,Student_24BCS219,24
24BCS220,CSE,Sem2,B,Student_24BCS220,24
24BCS221,CSE,Sem2,B,Student_24BCS221,24
24BCS222,CSE,Sem2,B,Student_24BCS222,24
24BCS223,CSE,Sem2,B,Student_24BCS223,24
24BCS224,CSE,Sem2,B,Student_24BCS224,24
24BCS225,CSE,Sem2,B,Student_24BCS225,24
24BCS226,CSE,Sem2,B,Student_24BCS226,24
24BCS227,CSE,Sem2,B,Student_24BCS227,24
24BCS228,CSE,Sem2,B,Student_24BCS228,24
24BCS229,CSE,Sem2,B,Student_24BCS229,24
24BCS230,CSE,Sem2,B,Student_24BCS230,24
24BCS231,CSE,Sem2,B,Student_24BCS231,24
24BCS232,CSE,Sem2,B,Student_24BCS232,24
24BCS233,CSE,Sem2,B,Student_24BCS233,24
24BCS234,CSE,Sem2,B,Student_24BCS234,24
24BCS235,CSE,Sem2,B,Student_24BCS235,24
24BCS236,CSE,Sem2,B,Student_24BCS236,24
24BCS237,CSE,Sem2,B,Student_24BCS237,24
24BCS238,CSE,Sem2,B,Student_24BCS238,24
24BCS239,CSE,Sem2,B,Student_24BCS239,24
24BCS240,CSE,Sem2,B,Student_24BCS240,24
24BCS241,CSE,Sem2,B,Student_24BCS241,24
24BCS242,CSE,Sem2,B,Student_24BCS242,24
24BCS243,CSE,Sem2,B,Student_24BCS243,24
24BCS244,CSE,Sem2,B,Student_24BCS244,24
24BCS245,CSE,Sem2,B,Student_24BCS245,24
24BCS246,CSE,Sem2,B,Student_24BCS246,24
24BCS247,CSE,Sem2,B,Student_24BCS247,24
24BCS248,CSE,Sem2,B,Student_24BCS248,24
24BCS249,CSE,Sem2,B,Student_24BCS249,24
24BCS250,CSE,Sem2,B,Student_24BCS250,24
24BCS251,CSE,Sem2,B,Student_24BCS251,24
24BCS252,CSE,Sem2,B,Student_24BCS252,24
24BCS253,CSE,Sem2,B,Student_24BCS253,24
24BCS254,CSE,Sem2,B,Student_24BCS254,24
24BCS255,CSE,Sem2,B,Student_24BCS255,24
24BCS256,CSE,Sem2,B,Student_24BCS256,24
24BCS257,CSE,Sem2,B,Student_24BCS257,24
24BCS258,CSE,Sem2,B,Student_24BCS258,24
24BCS259,CSE,Sem2,B,Student_24BCS259,24
24BCS260,CSE,Sem2,B,Student_24BCS260,24
24BCS261,CSE,Sem2,B,Student_24BCS261,24
24BCS262,CSE,Sem2,B,Student_24BCS262,24
24BCS263,CSE,Sem2,B,Student_24BCS263,24
24BCS264,CSE,Sem2,B,Student_24BCS264,24
24BCS265,CSE,Sem2,B,Student_24BCS265,24
24BCS266,CSE,Sem2,B,Student_24BCS266,24
24BCS267,CSE,Sem2,B,Student_24BCS267,24
24BCS268,CSE,Sem2,B,Student_24BCS268,24
24BCS269,CSE,Sem2,B,Student_24BCS269,24
24BCS270,CSE,Sem2,B,Student_24BCS270,24
23BCS101,CSE,Sem4,A,Student_23BCS101,23
23BCS102,CSE,Sem4,A,Student_23BCS102,23
23BCS103,CSE,Sem4,A,Student_23BCS103,23
23BCS104,CSE,Sem4,A,Student_23BCS104,23
23BCS105,CSE,Sem4,A,Student_23BCS105,23
23BCS106,CSE,Sem4,A,Student_23BCS106,23
23BCS107,CSE,Sem4,A,Student_23BCS107,23
23BCS108,CSE,Sem4,A,Student_23BCS108,23
23BCS109,CSE,Sem4,A,Student_23BCS109,23
23BCS110,CSE,Sem4,A,Student_23BCS110,23
23BCS111,CSE,Sem4,A,Student_23BCS111,23
23BCS112,CSE,Sem4,A,Student_23BCS112,23
23BCS113,CSE,Sem4,A,Student_23BCS113,23
23BCS114,CSE,Sem4,A,Student_23BCS114,23
23BCS115,CSE,Sem4,A,Student_23BCS115,23
23BCS116,CSE,Sem4,A,Student_23BCS116,23
23BCS117,CSE,Sem4,A,Student_23BCS117,23
23BCS118,CSE,Sem4,A,Student_23BCS118,23
23BCS119,CSE,Sem4,A,Student_23BCS119,23
23BCS120,CSE,Sem4,A,Student_23BCS120,23
23BCS121,CSE,Sem4,A,Student_23BCS121,23
23BCS122,CSE,Sem4,A,Student_23BCS122,23
23BCS123,CSE,Sem4,A,Student_23BCS123,23
23BCS124,CSE,Sem4,A,Student_23BCS124,23
23BCS125,CSE,Sem4,A,Student_23BCS125,23
23BCS126,CSE,Sem4,A,Student_23BCS126,23
23BCS127,CSE,Sem4,A,Student_23BCS127,23
23BCS128,CSE,Sem4,A,Student_23BCS128,23
23BCS129,CSE,Sem4,A,Student_23BCS129,23
23BCS130,CSE,Sem4,A,Student_23BCS130,23
23BCS131,CSE,Sem4,A,Student_23BCS131,23
23BCS132,CSE,Sem4,A,Student_23BCS132,23
23BCS133,CSE,Sem4,A,Student_23BCS133,23
23BCS134,CSE,Sem4,A,Student_23BCS134,23
23BCS135,CSE,Sem4,A,Student_23BCS135,23
23BCS136,CSE,Sem4,A,Student_23BCS136,23
23BCS137,CSE,Sem4,A,Student_23BCS137,23
23BCS138,CSE,Sem4,A,Student_23BCS138,23
23BCS139,CSE,Sem4,A,Student_23BCS139,23
23BCS140,CSE,Sem4,A,Student_23BCS140,23
23BCS141,CSE,Sem4,A,Student_23BCS141,23
23BCS142,CSE,Sem4,A,Student_23BCS142,23
23BCS143,CSE,Sem4,A,Student_23BCS143,23
23BCS144,CSE,Sem4,A,Student_23BCS144,23
23BCS145,CSE,Sem4,A,Student_23BCS145,23
23BCS146,CSE,Sem4,A,Student_23BCS146,23
23BCS147,CSE,Sem4,A,Student_23BCS147,23
23BCS148,CSE,Sem4,A,Student_23BCS148,23
23BCS149,CSE,Sem4,A,Student_23BCS149,23
23BCS150,CSE,Sem4,A,Student_23BCS150,23
23BCS151,CSE,Sem4,A,Student_23BCS151,23
23BCS152,CSE,Sem4,A,Student_23BCS152,23
23BCS153,CSE,Sem4,A,Student_23BCS153,23
23BCS154,CSE,Sem4,A,Student_23BCS154,23
23BCS155,CSE,Sem4,A,Student_23BCS155,23
23BCS156,CSE,Sem4,A,Student_23BCS156,23
23BCS157,CSE,Sem4,A,Student_23BCS157,23
23BCS158,CSE,Sem4,A,Student_23BCS158,23
23BCS159,CSE,Sem4,A,Student_23BCS159,23
23BCS160,CSE,Sem4,A,Student_23BCS160,23
23BCS161,CSE,Sem4,A,Student_23BCS161,23
23BCS162,CSE,Sem4,A,Student_23BCS162,23
23BCS163,CSE,Sem4,A,Student_23BCS163,23
23BCS164,CSE,Sem4,A,Student_23BCS164,23
23BCS165,CSE,Sem4,A,Student_23BCS165,23
23BCS166,CSE,Sem4,A,Student_23BCS166,23
23BCS167,CSE,Sem4,A,Student_23BCS167,23
23BCS168,CSE,Sem4,A,Student_23BCS168,23
23BCS169,CSE,Sem4,A,Student_23BCS169,23
23BCS170,CSE,Sem4,A,Student_23BCS170,23
23BCS171,CSE,Sem4,A,Student_23BCS171,23
23BCS172,CSE,Sem4,A,Student_23BCS172,23
23BCS173,CSE,Sem4,A,Student_23BCS173,23
23BCS174,CSE,Sem4,A,Student_23BCS174,23
23BCS175,CSE,Sem4,A,Student_23BCS175,23
23BCS176,CSE,Sem4,A,Student_23BCS176,23
23BCS177,CSE,Sem4,A,Student_23BCS177,23
23BCS178,CSE,Sem4,A,Student_23BCS178,23
23BCS179,CSE,Sem4,A,Student_23BCS179,23
23BCS180,CSE,Sem4,A,Student_23BCS180,23
23BCS181,CSE,Sem4,A,Student_23BCS181,23
23BCS182,CSE,Sem4,A,Student_23BCS182,23
23BCS183,CSE,Sem4,A,Student_23BCS183,23
23BCS184,CSE,Sem4,A,Student_23BCS184,23
23BCS185,CSE,Sem4,A,Student_23BCS185,23
23BCS186,CSE,Sem4,A,Student_23BCS186,23
23BCS187,CSE,Sem4,A,Student_23BCS187,23
23BCS188,CSE,Sem4,A,Student_23BCS188,23
23BCS189,CSE,Sem4,A,Student_23BCS189,23
23BCS190,CSE,Sem4,A,Student_23BCS190,23
23BCS191,CSE,Sem4,A,Student_23BCS191,23
23BCS192,CSE,Sem4,A,Student_23BCS192,23
23BCS193,CSE,Sem4,A,Student_23BCS193,23
23BCS194,CSE,Sem4,A,Student_23BCS194,23
23BCS195,CSE,Sem4,A,Student_23BCS195,23
23BCS196,CSE,Sem4,A,Student_23BCS196,23
23BCS197,CSE,Sem4,A,Student_23BCS197,23
23BCS198,CSE,Sem4,A,Student_23BCS198,23
23BCS199,CSE,Sem4,A,Student_23BCS199,23
23BCS200,CSE,Sem4,A,Student_23BCS200,23
23BCS201,CSE,Sem4,A,Student_23BCS201,23
23BCS202,CSE,Sem4,A,Student_23BCS202,23
23BCS203,CSE,Sem4,A,Student_23BCS203,23
23BCS204,CSE,Sem4,A,Student_23BCS204,23
23BCS205,CSE,Sem4,A,Student_23BCS205,23
23BCS206,CSE,Sem4,A,Student_23BCS206,23
23BCS207,CSE,Sem4,A,Student_23BCS207,23
23BCS208,CSE,Sem4,A,Student_23BCS208,23
23BCS209,CSE,Sem4,A,Student_23BCS209,23
23BCS210,CSE,Sem4,A,Student_23BCS210,23
23BCS151,CSE,Sem4,B,Student_23BCS151,23
23BCS152,CSE,Sem4,B,Student_23BCS152,23
23BCS153,CSE,Sem4,B,Student_23BCS153,23
23BCS154,CSE,Sem4,B,Student_23BCS154,23
23BCS155,CSE,Sem4,B,Student_23BCS155,23
23BCS156,CSE,Sem4,B,Student_23BCS156,23
23BCS157,CSE,Sem4,B,Student_23BCS157,23
23BCS158,CSE,Sem4,B,Student_23BCS158,23
23BCS159,CSE,Sem4,B,Student_23BCS159,23
23BCS160,CSE,Sem4,B,Student_23BCS160,23
23BCS161,CSE,Sem4,B,Student_23BCS161,23
23BCS162,CSE,Sem4,B,Student_23BCS162,23
23BCS163,CSE,Sem4,B,Student_23BCS163,23
23BCS164,CSE,Sem4,B,Student_23BCS164,23
23BCS165,CSE,Sem4,B,Student_23BCS165,23
23BCS166,CSE,Sem4,B,Student_23BCS166,23
23BCS167,CSE,Sem4,B,Student_23BCS167,23
23BCS168,CSE,Sem4,B,Student_23BCS168,23
23BCS169,CSE,Sem4,B,Student_23BCS169,23
23BCS170,CSE,Sem4,B,Student_23BCS170,23
23BCS171,CSE,Sem4,B,Student_23BCS171,23
23BCS172,CSE,Sem4,B,Student_23BCS172,23
23BCS173,CSE,Sem4,B,Student_23BCS173,23
23BCS174,CSE,Sem4,B,Student_23BCS174,23
23BCS175,CSE,Sem4,B,Student_23BCS175,23
23BCS176,CSE,Sem4,B,Student_23BCS176,23
23BCS177,CSE,Sem4,B,Student_23BCS177,23
23BCS178,CSE,Sem4,B,Student_23BCS178,23
23BCS179,CSE,Sem4,B,Student_23BCS179,23
23BCS180,CSE,Sem4,B,Student_23BCS180,23
23BCS181,CSE,Sem4,B,Student_23BCS181,23
23BCS182,CSE,Sem4,B,Student_23BCS182,23
23BCS183,CSE,Sem4,B,Student_23BCS183,23
23BCS184,CSE,Sem4,B,Student_23BCS184,23
23BCS185,CSE,Sem4,B,Student_23BCS185,23
23BCS186,CSE,Sem4,B,Student_23BCS186,23
23BCS187,CSE,Sem4,B,Student_23BCS187,23
23BCS188,CSE,Sem4,B,Student_23BCS188,23
23BCS189,CSE,Sem4,B,Student_23BCS189,23
23BCS190,CSE,Sem4,B,Student_23BCS190,23
23BCS191,CSE,Sem4,B,Student_23BCS191,23
23BCS192,CSE,Sem4,B,Student_23BCS192,23
23BCS193,CSE,Sem4,B,Student_23BCS193,23
23BCS194,CSE,Sem4,B,Student_23BCS194,23
23BCS195,CSE,Sem4,B,Student_23BCS195,23
23BCS196,CSE,Sem4,B,Student_23BCS196,23
23BCS197,CSE,Sem4,B,Student_23BCS197,23
23BCS198,CSE,Sem4,B,Student_23BCS198,23
23BCS199,CSE,Sem4,B,Student_23BCS199,23
23BCS200,CSE,Sem4,B,Student_23BCS200,23
23BCS201,CSE,Sem4,B,Student_23BCS201,23
23BCS202,CSE,Sem4,B,Student_23BCS202,23
23BCS203,CSE,Sem4,B,Student_23BCS203,23
23BCS204,CSE,Sem4,B,Student_23BCS204,23
23BCS205,CSE,Sem4,B,Student_23BCS205,23
23BCS206,CSE,Sem4,B,Student_23BCS206,23
23BCS207,CSE,Sem4,B,Student_23BCS207,23
23BCS208,CSE,Sem4,B,Student_23BCS208,23
23BCS209,CSE,Sem4,B,Student_23BCS209,23
23BCS210,CSE,Sem4,B,Student_23BCS210,23
23BCS211,CSE,Sem4,B,Student_23BCS211,23
23BCS212,CSE,Sem4,B,Student_23BCS212,23
23BCS213,CSE,Sem4,B,Student_23BCS213,23
23BCS214,CSE,Sem4,B,Student_23BCS214,23
23BCS215,CSE,Sem4,B,Student_23BCS215,23
23BCS216,CSE,Sem4,B,Student_23BCS216,23
23BCS217,CSE,Sem4,B,Student_23BCS217,23
23BCS218,CSE,Sem4,B,Student_23BCS218,23
23BCS219,CSE,Sem4,B,Student_23BCS219,23
23BCS220,CSE,Sem4,B,Student_23BCS220,23
23BCS221,CSE,Sem4,B,Student_23BCS221,23
23BCS222,CSE,Sem4,B,Student_23BCS222,23
23BCS223,CSE,Sem4,B,Student_23BCS223,23
23BCS224,CSE,Sem4,B,Student_23BCS224,23
23BCS225,CSE,Sem4,B,Student_23BCS225,23
23BCS226,CSE,Sem4,B,Student_23BCS226,23
23BCS227,CSE,Sem4,B,Student_23BCS227,23
23BCS228,CSE,Sem4,B,Student_23BCS228,23
23BCS229,CSE,Sem4,B,Student_23BCS229,23
23BCS230,CSE,Sem4,B,Student_23BCS230,23
23BCS231,CSE,Sem4,B,Student_23BCS231,23
23BCS232,CSE,Sem4,B,Student_23BCS232,23
23BCS233,CSE,Sem4,B,Student_23BCS233,23
23BCS234,CSE,Sem4,B,Student_23BCS234,23
23BCS235,CSE,Sem4,B,Student_23BCS235,23
23BCS236,CSE,Sem4,B,Student_23BCS236,23
23BCS237,CSE,Sem4,B,Student_23BCS237,23
23BCS238,CSE,Sem4,B,Student_23BCS238,23
23BCS239,CSE,Sem4,B,Student_23BCS239,23
23BCS240,CSE,Sem4,B,Student_23BCS240,23
23BCS241,CSE,Sem4,B,Student_23BCS241,23
23BCS242,CSE,Sem4,B,Student_23BCS242,23
23BCS243,CSE,Sem4,B,Student_23BCS243,23
23BCS244,CSE,Sem4,B,Student_23BCS244,23
23BCS245,CSE,Sem4,B,Student_23BCS245,23
23BCS246,CSE,Sem4,B,Student_23BCS246,23
23BCS247,CSE,Sem4,B,Student_23BCS247,23
23BCS248,CSE,Sem4,B,Student_23BCS248,23
23BCS249,CSE,Sem4,B,Student_23BCS249,23
23BCS250,CSE,Sem4,B,Student_23BCS250,23
23BCS251,CSE,Sem4,B,Student_23BCS251,23
23BCS252,CSE,Sem4,B,Student_23BCS252,23
23BCS253,CSE,Sem4,B,Student_23BCS253,23
23BCS254,CSE,Sem4,B,Student_23BCS254,23
23BCS255,CSE,Sem4,B,Student_23BCS255,23
23BCS256,CSE,Sem4,B,Student_23BCS256,23
23BCS257,CSE,Sem4,B,Student_23BCS257,23
23BCS258,CSE,Sem4,B,Student_23BCS258,23
23BCS259,CSE,Sem4,B,Student_23BCS259,23
23BCS260,CSE,Sem4,B,Student_23BCS260,23
22BCS101,CSE,Sem6,A,Student_22BCS101,22
22BCS102,CSE,Sem6,A,Student_22BCS102,22
22BCS103,CSE,Sem6,A,Student_22BCS103,22
22BCS104,CSE,Sem6,A,Student_22BCS104,22
22BCS105,CSE,Sem6,A,Student_22BCS105,22
22BCS106,CSE,Sem6,A,Student_22BCS106,22
22BCS107,CSE,Sem6,A,Student_22BCS107,22
22BCS108,CSE,Sem6,A,Student_22BCS108,22
22BCS109,CSE,Sem6,A,Student_22BCS109,22
22BCS110,CSE,Sem6,A,Student_22BCS110,22
22BCS111,CSE,Sem6,A,Student_22BCS111,22
22BCS112,CSE,Sem6,A,Student_22BCS112,22
22BCS113,CSE,Sem6,A,Student_22BCS113,22
22BCS114,CSE,Sem6,A,Student_22BCS114,22
22BCS115,CSE,Sem6,A,Student_22BCS115,22
22BCS116,CSE,Sem6,A,Student_22BCS116,22
22BCS117,CSE,Sem6,A,Student_22BCS117,22
22BCS118,CSE,Sem6,A,Student_22BCS118,22
22BCS119,CSE,Sem6,A,Student_22BCS119,22
22BCS120,CSE,Sem6,A,Student_22BCS120,22
22BCS121,CSE,Sem6,A,Student_22BCS121,22
22BCS122,CSE,Sem6,A,Student_22BCS122,22
22BCS123,CSE,Sem6,A,Student_22BCS123,22
22BCS124,CSE,Sem6,A,Student_22BCS124,22
22BCS125,CSE,Sem6,A,Student_22BCS125,22
22BCS126,CSE,Sem6,A,Student_22BCS126,22
22BCS127,CSE,Sem6,A,Student_22BCS127,22
22BCS128,CSE,Sem6,A,Student_22BCS128,22
22BCS129,CSE,Sem6,A,Student_22BCS129,22
22BCS130,CSE,Sem6,A,Student_22BCS130,22
22BCS131,CSE,Sem6,A,Student_22BCS131,22
22BCS132,CSE,Sem6,A,Student_22BCS132,22
22BCS133,CSE,Sem6,A,Student_22BCS133,22
22BCS134,CSE,Sem6,A,Student_22BCS134,22
22BCS135,CSE,Sem6,A,Student_22BCS135,22
22BCS136,CSE,Sem6,A,Student_22BCS136,22
22BCS137,CSE,Sem6,A,Student_22BCS137,22
22BCS138,CSE,Sem6,A,Student_22BCS138,22
22BCS139,CSE,Sem6,A,Student_22BCS139,22
22BCS140,CSE,Sem6,A,Student_22BCS140,22
22BCS141,CSE,Sem6,A,Student_22BCS141,22
22BCS142,CSE,Sem6,A,Student_22BCS142,22
22BCS143,CSE,Sem6,A,Student_22BCS143,22
22BCS144,CSE,Sem6,A,Student_22BCS144,22
22BCS145,CSE,Sem6,A,Student_22BCS145,22
22BCS146,CSE,Sem6,A,Student_22BCS146,22
22BCS147,CSE,Sem6,A,Student_22BCS147,22
22BCS148,CSE,Sem6,A,Student_22BCS148,22
22BCS149,CSE,Sem6,A,Student_22BCS149,22
22BCS150,CSE,Sem6,A,Student_22BCS150,22
22BCS151,CSE,Sem6,A,Student_22BCS151,22
22BCS152,CSE,Sem6,A,Student_22BCS152,22
22BCS153,CSE,Sem6,A,Student_22BCS153,22
22BCS154,CSE,Sem6,A,Student_22BCS154,22
22BCS155,CSE,Sem6,A,Student_22BCS155,22
22BCS156,CSE,Sem6,A,Student_22BCS156,22
22BCS157,CSE,Sem6,A,Student_22BCS157,22
22BCS158,CSE,Sem6,A,Student_22BCS158,22
22BCS159,CSE,Sem6,A,Student_22BCS159,22
22BCS160,CSE,Sem6,A,Student_22BCS160,22
22BCS161,CSE,Sem6,A,Student_22BCS161,22
22BCS162,CSE,Sem6,A,Student_22BCS162,22
22BCS163,CSE,Sem6,A,Student_22BCS163,22
22BCS164,CSE,Sem6,A,Student_22BCS164,22
22BCS165,CSE,Sem6,A,Student_22BCS165,22
22BCS166,CSE,Sem6,A,Student_22BCS166,22
22BCS167,CSE,Sem6,A,Student_22BCS167,22
22BCS168,CSE,Sem6,A,Student_22BCS168,22
22BCS169,CSE,Sem6,A,Student_22BCS169,22
22BCS170,CSE,Sem6,A,Student_22BCS170,22
22BCS171,CSE,Sem6,A,Student_22BCS171,22
22BCS172,CSE,Sem6,A,Student_22BCS172,22
22BCS173,CSE,Sem6,A,Student_22BCS173,22
22BCS174,CSE,Sem6,A,Student_22BCS174,22
22BCS175,CSE,Sem6,A,Student_22BCS175,22
22BCS176,CSE,Sem6,A,Student_22BCS176,22
22BCS177,CSE,Sem6,A,Student_22BCS177,22
22BCS178,CSE,Sem6,A,Student_22BCS178,22
22BCS179,CSE,Sem6,A,Student_22BCS179,22
22BCS180,CSE,Sem6,A,Student_22BCS180,22
22BCS181,CSE,Sem6,A,Student_22BCS181,22
22BCS182,CSE,Sem6,A,Student_22BCS182,22
22BCS183,CSE,Sem6,A,Student_22BCS183,22
22BCS184,CSE,Sem6,A,Student_22BCS184,22
22BCS185,CSE,Sem6,A,Student_22BCS185,22
22BCS186,CSE,Sem6,A,Student_22BCS186,22
22BCS187,CSE,Sem6,A,Student_22BCS187,22
22BCS188,CSE,Sem6,A,Student_22BCS188,22
22BCS189,CSE,Sem6,A,Student_22BCS189,22
22BCS190,CSE,Sem6,A,Student_22BCS190,22
22BCS191,CSE,Sem6,A,Student_22BCS191,22
22BCS192,CSE,Sem6,A,Student_22BCS192,22
22BCS193,CSE,Sem6,A,Student_22BCS193,22
22BCS194,CSE,Sem6,A,Student_22BCS194,22
22BCS195,CSE,Sem6,A,Student_22BCS195,22
22BCS196,CSE,Sem6,A,Student_22BCS196,22
22BCS197,CSE,Sem6,A,Student_22BCS197,22
22BCS198,CSE,Sem6,A,Student_22BCS198,22
22BCS199,CSE,Sem6,A,Student_22BCS199,22
22BCS200,CSE,Sem6,A,Student_22BCS200,22
22BCS151,CSE,Sem6,B,Student_22BCS151,22
22BCS152,CSE,Sem6,B,Student_22BCS152,22
22BCS153,CSE,Sem6,B,Student_22BCS153,22
22BCS154,CSE,Sem6,B,Student_22BCS154,22
22BCS155,CSE,Sem6,B,Student_22BCS155,22
22BCS156,CSE,Sem6,B,Student_22BCS156,22
22BCS157,CSE,Sem6,B,Student_22BCS157,22
22BCS158,CSE,Sem6,B,Student_22BCS158,22
22BCS159,CSE,Sem6,B,Student_22BCS159,22
22BCS160,CSE,Sem6,B,Student_22BCS160,22
22BCS161,CSE,Sem6,B,Student_22BCS161,22
22BCS162,CSE,Sem6,B,Student_22BCS162,22
22BCS163,CSE,Sem6,B,Student_22BCS163,22
22BCS164,CSE,Sem6,B,Student_22BCS164,22
22BCS165,CSE,Sem6,B,Student_22BCS165,22
22BCS166,CSE,Sem6,B,Student_22BCS166,22
22BCS167,CSE,Sem6,B,Student_22BCS167,22
22BCS168,CSE,Sem6,B,Student_22BCS168,22
22BCS169,CSE,Sem6,B,Student_22BCS169,22
22BCS170,CSE,Sem6,B,Student_22BCS170,22
22BCS171,CSE,Sem6,B,Student_22BCS171,22
22BCS172,CSE,Sem6,B,Student_22BCS172,22
22BCS173,CSE,Sem6,B,Student_22BCS173,22
22BCS174,CSE,Sem6,B,Student_22BCS174,22
22BCS175,CSE,Sem6,B,Student_22BCS175,22
22BCS176,CSE,Sem6,B,Student_22BCS176,22
22BCS177,CSE,Sem6,B,Student_22BCS177,22
22BCS178,CSE,Sem6,B,Student_22BCS178,22
22BCS179,CSE,Sem6,B,Student_22BCS179,22
22BCS180,CSE,Sem6,B,Student_22BCS180,22
22BCS181,CSE,Sem6,B,Student_22BCS181,22
22BCS182,CSE,Sem6,B,Student_22BCS182,22
22BCS183,CSE,Sem6,B,Student_22BCS183,22
22BCS184,CSE,Sem6,B,Student_22BCS184,22
22BCS185,CSE,Sem6,B,Student_22BCS185,22
22BCS186,CSE,Sem6,B,Student_22BCS186,22
22BCS187,CSE,Sem6,B,Student_22BCS187,22
22BCS188,CSE,Sem6,B,Student_22BCS188,22
22BCS189,CSE,Sem6,B,Student_22BCS189,22
22BCS190,CSE,Sem6,B,Student_22BCS190,22
22BCS191,CSE,Sem6,B,Student_22BCS191,22
22BCS192,CSE,Sem6,B,Student_22BCS192,22
22BCS193,CSE,Sem6,B,Student_22BCS193,22
22BCS194,CSE,Sem6,B,Student_22BCS194,22
22BCS195,CSE,Sem6,B,Student_22BCS195,22
22BCS196,CSE,Sem6,B,Student_22BCS196,22
22BCS197,CSE,Sem6,B,Student_22BCS197,22
22BCS198,CSE,Sem6,B,Student_22BCS198,22
22BCS199,CSE,Sem6,B,Student_22BCS199,22
22BCS200,CSE,Sem6,B,Student_22BCS200,22
22BCS201,CSE,Sem6,B,Student_22BCS201,22
22BCS202,CSE,Sem6,B,Student_22BCS202,22
22BCS203,CSE,Sem6,B,Student_22BCS203,22
22BCS204,CSE,Sem6,B,Student_22BCS204,22
22BCS205,CSE,Sem6,B,Student_22BCS205,22
22BCS206,CSE,Sem6,B,Student_22BCS206,22
22BCS207,CSE,Sem6,B,Student_22BCS207,22
22BCS208,CSE,Sem6,B,Student_22BCS208,22
22BCS209,CSE,Sem6,B,Student_22BCS209,22
22BCS210,CSE,Sem6,B,Student_22BCS210,22
22BCS211,CSE,Sem6,B,Student_22BCS211,22
22BCS212,CSE,Sem6,B,Student_22BCS212,22
22BCS213,CSE,Sem6,B,Student_22BCS213,22
22BCS214,CSE,Sem6,B,Student_22BCS214,22
22BCS215,CSE,Sem6,B,Student_22BCS215,22
22BCS216,CSE,Sem6,B,Student_22BCS216,22
22BCS217,CSE,Sem6,B,Student_22BCS217,22
22BCS218,CSE,Sem6,B,Student_22BCS218,22
22BCS219,CSE,Sem6,B,Student_22BCS219,22
22BCS220,CSE,Sem6,B,Student_22BCS220,22
22BCS221,CSE,Sem6,B,Student_22BCS221,22
22BCS222,CSE,Sem6,B,Student_22BCS222,22
22BCS223,CSE,Sem6,B,Student_22BCS223,22
22BCS224,CSE,Sem6,B,Student_22BCS224,22
22BCS225,CSE,Sem6,B,Student_22BCS225,22
22BCS226,CSE,Sem6,B,Student_22BCS226,22
22BCS227,CSE,Sem6,B,Student_22BCS227,22
22BCS228,CSE,Sem6,B,Student_22BCS228,22
22BCS229,CSE,Sem6,B,Student_22BCS229,22
22BCS230,CSE,Sem6,B,Student_22BCS230,22
22BCS231,CSE,Sem6,B,Student_22BCS231,22
22BCS232,CSE,Sem6,B,Student_22BCS232,22
22BCS233,CSE,Sem6,B,Student_22BCS233,22
22BCS234,CSE,Sem6,B,Student_22BCS234,22
22BCS235,CSE,Sem6,B,Student_22BCS235,22
22BCS236,CSE,Sem6,B,Student_22BCS236,22
22BCS237,CSE,Sem6,B,Student_22BCS237,22
22BCS238,CSE,Sem6,B,Student_22BCS238,22
22BCS239,CSE,Sem6,B,Student_22BCS239,22
22BCS240,CSE,Sem6,B,Student_22BCS240,22
22BCS241,CSE,Sem6,B,Student_22BCS241,22
22BCS242,CSE,Sem6,B,Student_22BCS242,22
22BCS243,CSE,Sem6,B,Student_22BCS243,22
22BCS244,CSE,Sem6,B,Student_22BCS244,22
22BCS245,CSE,Sem6,B,Student_22BCS245,22
22BCS246,CSE,Sem6,B,Student_22BCS246,22
22BCS247,CSE,Sem6,B,Student_22BCS247,22
22BCS248,CSE,Sem6,B,Student_22BCS248,22
22BCS249,CSE,Sem6,B,Student_22BCS249,22
22BCS250,CSE,Sem6,B,Student_22BCS250,22
24BDS101,DSAI,Sem2,A,Student_24BDS101,24
24BDS102,DSAI,Sem2,A,Student_24BDS102,24
24BDS103,DSAI,Sem2,A,Student_24BDS103,24
24BDS104,DSAI,Sem2,A,Student_24BDS104,24
24BDS105,DSAI,Sem2,A,Student_24BDS105,24
24BDS106,DSAI,Sem2,A,Student_24BDS106,24
24BDS107,DSAI,Sem2,A,Student_24BDS107,24
24BDS108,DSAI,Sem2,A,Student_24BDS108,24
24BDS109,DSAI,Sem2,A,Student_24BDS109,24
24BDS110,DSAI,Sem2,A,Student_24BDS110,24
24BDS111,DSAI,Sem2,A,Student_24BDS111,24
24BDS112,DSAI,Sem2,A,Student_24BDS112,24
24BDS113,DSAI,Sem2,A,Student_24BDS113,24
24BDS114,DSAI,Sem2,A,Student_24BDS114,24
24BDS115,DSAI,Sem2,A,Student_24BDS115,24
24BDS116,DSAI,Sem2,A,Student_24BDS116,24
24BDS117,DSAI,Sem2,A,Student_24BDS117,24
24BDS118,DSAI,Sem2,A,Student_24BDS118,24
24BDS119,DSAI,Sem2,A,Student_24BDS119,24
24BDS120,DSAI,Sem2,A,Student_24BDS120,24
24BDS121,DSAI,Sem2,A,Student_24BDS121,24
24BDS122,DSAI,Sem2,A,Student_24BDS122,24
24BDS123,DSAI,Sem2,A,Student_24BDS123,24
24BDS124,DSAI,Sem2,A,Student_24BDS124,24
24BDS125,DSAI,Sem2,A,Student_24BDS125,24
24BDS126,DSAI,Sem2,A,Student_24BDS126,24
24BDS127,DSAI,Sem2,A,Student_24BDS127,24
24BDS128,DSAI,Sem2,A,Student_24BDS128,24
24BDS129,DSAI,Sem2,A,Student_24BDS129,24
24BDS130,DSAI,Sem2,A,Student_24BDS130,24
24BDS131,DSAI,Sem2,A,Student_24BDS131,24
24BDS132,DSAI,Sem2,A,Student_24BDS132,24
24BDS133,DSAI,Sem2,A,Student_24BDS133,24
24BDS134,DSAI,Sem2,A,Student_24BDS134,24
24BDS135,DSAI,Sem2,A,Student_24BDS135,24
24BDS136,DSAI,Sem2,A,Student_24BDS136,24
24BDS137,DSAI,Sem2,A,Student_24BDS137,24
24BDS138,DSAI,Sem2,A,Student_24BDS138,24
24BDS139,DSAI,Sem2,A,Student_24BDS139,24
24BDS140,DSAI,Sem2,A,Student_24BDS140,24
24BDS141,DSAI,Sem2,A,Student_24BDS141,24
24BDS142,DSAI,Sem2,A,Student_24BDS142,24
24BDS143,DSAI,Sem2,A,Student_24BDS143,24
24BDS144,DSAI,Sem2,A,Student_24BDS144,24
24BDS145,DSAI,Sem2,A,Student_24BDS145,24
24BDS146,DSAI,Sem2,A,Student_24BDS146,24
24BDS147,DSAI,Sem2,A,Student_24BDS147,24
24BDS148,DSAI,Sem2,A,Student_24BDS148,24
24BDS149,DSAI,Sem2,A,Student_24BDS149,24
24BDS150,DSAI,Sem2,A,Student_24BDS150,24
24BDS151,DSAI,Sem2,A,Student_24BDS151,24
24BDS152,DSAI,Sem2,A,Student_24BDS152,24
24BDS153,DSAI,Sem2,A,Student_24BDS153,24
24BDS154,DSAI,Sem2,A,Student_24BDS154,24
24BDS155,DSAI,Sem2,A,Student_24BDS155,24
24BDS156,DSAI,Sem2,A,Student_24BDS156,24
24BDS157,DSAI,Sem2,A,Student_24BDS157,24
24BDS158,DSAI,Sem2,A,Student_24BDS158,24
24BDS159,DSAI,Sem2,A,Student_24BDS159,24
24BDS160,DSAI,Sem2,A,Student_24BDS160,24
24BDS161,DSAI,Sem2,A,Student_24BDS161,24
24BDS162,DSAI,Sem2,A,Student_24BDS162,24
24BDS163,DSAI,Sem2,A,Student_24BDS163,24
24BDS164,DSAI,Sem2,A,Student_24BDS164,24
24BDS165,DSAI,Sem2,A,Student_24BDS165,24
24BDS166,DSAI,Sem2,A,Student_24BDS166,24
24BDS167,DSAI,Sem2,A,Student_24BDS167,24
24BDS168,DSAI,Sem2,A,Student_24BDS168,24
24BDS169,DSAI,Sem2,A,Student_24BDS169,24
24BDS170,DSAI,Sem2,A,Student_24BDS170,24
24BDS171,DSAI,Sem2,A,Student_24BDS171,24
24BDS172,DSAI,Sem2,A,Student_24BDS172,24
24BDS173,DSAI,Sem2,A,Student_24BDS173,24
24BDS174,DSAI,Sem2,A,Student_24BDS174,24
24BDS175,DSAI,Sem2,A,Student_24BDS175,24
24BDS176,DSAI,Sem2,A,Student_24BDS176,24
24BDS177,DSAI,Sem2,A,Student_24BDS177,24
24BDS178,DSAI,Sem2,A,Student_24BDS178,24
24BDS179,DSAI,Sem2,A,Student_24BDS179,24
24BDS180,DSAI,Sem2,A,Student_24BDS180,24
24BDS181,DSAI,Sem2,A,Student_24BDS181,24
24BDS182,DSAI,Sem2,A,Student_24BDS182,24
24BDS183,DSAI,Sem2,A,Student_24BDS183,24
24BDS184,DSAI,Sem2,A,Student_24BDS184,24
24BDS185,DSAI,Sem2,A,Student_24BDS185,24
24BDS186,DSAI,Sem2,A,Student_24BDS186,24
24BDS187,DSAI,Sem2,A,Student_24BDS187,24
24BDS188,DSAI,Sem2,A,Student_24BDS188,24
24BDS189,DSAI,Sem2,A,Student_24BDS189,24
24BDS190,DSAI,Sem2,A,Student_24BDS190,24
24BDS191,DSAI,Sem2,A,Student_24BDS191,24
24BDS192,DSAI,Sem2,A,Student_24BDS192,24
24BDS193,DSAI,Sem2,A,Student_24BDS193,24
24BDS194,DSAI,Sem2,A,Student_24BDS194,24
24BDS195,DSAI,Sem2,A,Student_24BDS195,24
24BDS196,DSAI,Sem2,A,Student_24BDS196,24
24BDS197,DSAI,Sem2,A,Student_24BDS197,24
24BDS198,DSAI,Sem2,A,Student_24BDS198,24
24BDS199,DSAI,Sem2,A,Student_24BDS199,24
24BDS200,DSAI,Sem2,A,Student_24BDS200,24
24BDS151,DSAI,Sem2,B,Student_24BDS151,24
24BDS152,DSAI,Sem2,B,Student_24BDS152,24
24BDS153,DSAI,Sem2,B,Student_24BDS153,24
24BDS154,DSAI,Sem2,B,Student_24BDS154,24
24BDS155,DSAI,Sem2,B,Student_24BDS155,24
24BDS156,DSAI,Sem2,B,Student_24BDS156,24
24BDS157,DSAI,Sem2,B,Student_24BDS157,24
24BDS158,DSAI,Sem2,B,Student_24BDS158,24
24BDS159,DSAI,Sem2,B,Student_24BDS159,24
24BDS160,DSAI,Sem2,B,Student_24BDS160,24
24BDS161,DSAI,Sem2,B,Student_24BDS161,24
24BDS162,DSAI,Sem2,B,Student_24BDS162,24
24BDS163,DSAI,Sem2,B,Student_24BDS163,24
24BDS164,DSAI,Sem2,B,Student_24BDS164,24
24BDS165,DSAI,Sem2,B,Student_24BDS165,24
24BDS166,DSAI,Sem2,B,Student_24BDS166,24
24BDS167,DSAI,Sem2,B,Student_24BDS167,24
24BDS168,DSAI,Sem2,B,Student_24BDS168,24
24BDS169,DSAI,Sem2,B,Student_24BDS169,24
24BDS170,DSAI,Sem2,B,Student_24BDS170,24
24BDS171,DSAI,Sem2,B,Student_24BDS171,24
24BDS172,DSAI,Sem2,B,Student_24BDS172,24
24BDS173,DSAI,Sem2,B,Student_24BDS173,24
24BDS174,DSAI,Sem2,B,Student_24BDS174,24
24BDS175,DSAI,Sem2,B,Student_24BDS175,24
24BDS176,DSAI,Sem2,B,Student_24BDS176,24
24BDS177,DSAI,Sem2,B,Student_24BDS177,24
24BDS178,DSAI,Sem2,B,Student_24BDS178,24
24BDS179,DSAI,Sem2,B,Student_24BDS179,24
24BDS180,DSAI,Sem2,B,Student_24BDS180,24
24BDS181,DSAI,Sem2,B,Student_24BDS181,24
24BDS182,DSAI,Sem2,B,Student_24BDS182,24
24BDS183,DSAI,Sem2,B,Student_24BDS183,24
24BDS184,DSAI,Sem2,B,Student_24BDS184,24
24BDS185,DSAI,Sem2,B,Student_24BDS185,24
24BDS186,DSAI,Sem2,B,Student_24BDS186,24
24BDS187,DSAI,Sem2,B,Student_24BDS187,24
24BDS188,DSAI,Sem2,B,Student_24BDS188,24
24BDS189,DSAI,Sem2,B,Student_24BDS189,24
24BDS190,DSAI,Sem2,B,Student_24BDS190,24
24BDS191,DSAI,Sem2,B,Student_24BDS191,24
24BDS192,DSAI,Sem2,B,Student_24BDS192,24
24BDS193,DSAI,Sem2,B,Student_24BDS193,24
24BDS194,DSAI,Sem2,B,Student_24BDS194,24
24BDS195,DSAI,Sem2,B,Student_24BDS195,24
24BDS196,DSAI,Sem2,B,Student_24BDS196,24
24BDS197,DSAI,Sem2,B,Student_24BDS197,24
24BDS198,DSAI,Sem2,B,Student_24BDS198,24
24BDS199,DSAI,Sem2,B,Student_24BDS199,24
24BDS200,DSAI,Sem2,B,Student_24BDS200,24
24BDS201,DSAI,Sem2,B,Student_24BDS201,24
24BDS202,DSAI,Sem2,B,Student_24BDS202,24
24BDS203,DSAI,Sem2,B,Student_24BDS203,24
24BDS204,DSAI,Sem2,B,Student_24BDS204,24
24BDS205,DSAI,Sem2,B,Student_24BDS205,24
24BDS206,DSAI,Sem2,B,Student_24BDS206,24
24BDS207,DSAI,Sem2,B,Student_24BDS207,24
24BDS208,DSAI,Sem2,B,Student_24BDS208,24
24BDS209,DSAI,Sem2,B,Student_24BDS209,24
24BDS210,DSAI,Sem2,B,Student_24BDS210,24
24BDS211,DSAI,Sem2,B,Student_24BDS211,24
24BDS212,DSAI,Sem2,B,Student_24BDS212,24
24BDS213,DSAI,Sem2,B,Student_24BDS213,24
24BDS214,DSAI,Sem2,B,Student_24BDS214,24
24BDS215,DSAI,Sem2,B,Student_24BDS215,24
24BDS216,DSAI,Sem2,B,Student_24BDS216,24
24BDS217,DSAI,Sem2,B,Student_24BDS217,24
24BDS218,DSAI,Sem2,B,Student_24BDS218,24
24BDS219,DSAI,Sem2,B,Student_24BDS219,24
24BDS220,DSAI,Sem2,B,Student_24BDS220,24
24BDS221,DSAI,Sem2,B,Student_24BDS221,24
24BDS222,DSAI,Sem2,B,Student_24BDS222,24
24BDS223,DSAI,Sem2,B,Student_24BDS223,24
24BDS224,DSAI,Sem2,B,Student_24BDS224,24
24BDS225,DSAI,Sem2,B,Student_24BDS225,24
24BDS226,DSAI,Sem2,B,Student_24BDS226,24
24BDS227,DSAI,Sem2,B,Student_24BDS227,24
24BDS228,DSAI,Sem2,B,Student_24BDS228,24
24BDS229,DSAI,Sem2,B,Student_24BDS229,24
24BDS230,DSAI,Sem2,B,Student_24BDS230,24
24BDS231,DSAI,Sem2,B,Student_24BDS231,24
24BDS232,DSAI,Sem2,B,Student_24BDS232,24
24BDS233,DSAI,Sem2,B,Student_24BDS233,24
24BDS234,DSAI,Sem2,B,Student_24BDS234,24
24BDS235,DSAI,Sem2,B,Student_24BDS235,24
24BDS236,DSAI,Sem2,B,Student_24BDS236,24
24BDS237,DSAI,Sem2,B,Student_24BDS237,24
24BDS238,DSAI,Sem2,B,Student_24BDS238,24
24BDS239,DSAI,Sem2,B,Student_24BDS239,24
24BDS240,DSAI,Sem2,B,Student_24BDS240,24
24BDS241,DSAI,Sem2,B,Student_24BDS241,24
24BDS242,DSAI,Sem2,B,Student_24BDS242,24
24BDS243,DSAI,Sem2,B,Student_24BDS243,24
24BDS244,DSAI,Sem2,B,Student_24BDS244,24
24BDS245,DSAI,Sem2,B,Student_24BDS245,24
24BDS246,DSAI,Sem2,B,Student_24BDS246,24
24BDS247,DSAI,Sem2,B,Student_24BDS247,24
24BDS248,DSAI,Sem2,B,Student_24BDS248,24
24BDS249,DSAI,Sem2,B,Student_24BDS249,24
24BDS250,DSAI,Sem2,B,Student_24BDS250,24
23BDS101,DSAI,Sem4,A,Student_23BDS101,23
23BDS102,DSAI,Sem4,A,Student_23BDS102,23
23BDS103,DSAI,Sem4,A,Student_23BDS103,23
23BDS104,DSAI,Sem4,A,Student_23BDS104,23
23BDS105,DSAI,Sem4,A,Student_23BDS105,23
23BDS106,DSAI,Sem4,A,Student_23BDS106,23
23BDS107,DSAI,Sem4,A,Student_23BDS107,23
23BDS108,DSAI,Sem4,A,Student_23BDS108,23
23BDS109,DSAI,Sem4,A,Student_23BDS109,23
23BDS110,DSAI,Sem4,A,Student_23BDS110,23
23BDS111,DSAI,Sem4,A,Student_23BDS111,23
23BDS112,DSAI,Sem4,A,Student_23BDS112,23
23BDS113,DSAI,Sem4,A,Student_23BDS113,23
23BDS114,DSAI,Sem4,A,Student_23BDS114,23
23BDS115,DSAI,Sem4,A,Student_23BDS115,23
23BDS116,DSAI,Sem4,A,Student_23BDS116,23
23BDS117,DSAI,Sem4,A,Student_23BDS117,23
23BDS118,DSAI,Sem4,A,Student_23BDS118,23
23BDS119,DSAI,Sem4,A,Student_23BDS119,23
23BDS120,DSAI,Sem4,A,Student_23BDS120,23
23BDS121,DSAI,Sem4,A,Student_23BDS121,23
23BDS122,DSAI,Sem4,A,Student_23BDS122,23
23BDS123,DSAI,Sem4,A,Student_23BDS123,23
23BDS124,DSAI,Sem4,A,Student_23BDS124,23
23BDS125,DSAI,Sem4,A,Student_23BDS125,23
23BDS126,DSAI,Sem4,A,Student_23BDS126,23
23BDS127,DSAI,Sem4,A,Student_23BDS127,23
23BDS128,DSAI,Sem4,A,Student_23BDS128,23
23BDS129,DSAI,Sem4,A,Student_23BDS129,23
23BDS130,DSAI,Sem4,A,Student_23BDS130,23
23BDS131,DSAI,Sem4,A,Student_23BDS131,23
23BDS132,DSAI,Sem4,A,Student_23BDS132,23
23BDS133,DSAI,Sem4,A,Student_23BDS133,23
23BDS134,DSAI,Sem4,A,Student_23BDS134,23
23BDS135,DSAI,Sem4,A,Student_23BDS135,23
23BDS136,DSAI,Sem4,A,Student_23BDS136,23
23BDS137,DSAI,Sem4,A,Student_23BDS137,23
23BDS138,DSAI,Sem4,A,Student_23BDS138,23
23BDS139,DSAI,Sem4,A,Student_23BDS139,23
23BDS140,DSAI,Sem4,A,Student_23BDS140,23
23BDS141,DSAI,Sem4,A,Student_23BDS141,23
23BDS142,DSAI,Sem4,A,Student_23BDS142,23
23BDS143,DSAI,Sem4,A,Student_23BDS143,23
23BDS144,DSAI,Sem4,A,Student_23BDS144,23
23BDS145,DSAI,Sem4,A,Student_23BDS145,23
23BDS146,DSAI,Sem4,A,Student_23BDS146,23
23BDS147,DSAI,Sem4,A,Student_23BDS147,23
23BDS148,DSAI,Sem4,A,Student_23BDS148,23
23BDS149,DSAI,Sem4,A,Student_23BDS149,23
23BDS150,DSAI,Sem4,A,Student_23BDS150,23
23BDS151,DSAI,Sem4,A,Student_23BDS151,23
23BDS152,DSAI,Sem4,A,Student_23BDS152,23
23BDS153,DSAI,Sem4,A,Student_23BDS153,23
23BDS154,DSAI,Sem4,A,Student_23BDS154,23
23BDS155,DSAI,Sem4,A,Student_23BDS155,23
23BDS156,DSAI,Sem4,A,Student_23BDS156,23
23BDS157,DSAI,Sem4,A,Student_23BDS157,23
23BDS158,DSAI,Sem4,A,Student_23BDS158,23
23BDS159,DSAI,Sem4,A,Student_23BDS159,23
23BDS160,DSAI,Sem4,A,Student_23BDS160,23
23BDS161,DSAI,Sem4,A,Student_23BDS161,23
23BDS162,DSAI,Sem4,A,Student_23BDS162,23
23BDS163,DSAI,Sem4,A,Student_23BDS163,23
23BDS164,DSAI,Sem4,A,Student_23BDS164,23
23BDS165,DSAI,Sem4,A,Student_23BDS165,23
23BDS166,DSAI,Sem4,A,Student_23BDS166,23
23BDS167,DSAI,Sem4,A,Student_23BDS167,23
23BDS168,DSAI,Sem4,A,Student_23BDS168,23
23BDS169,DSAI,Sem4,A,Student_23BDS169,23
23BDS170,DSAI,Sem4,A,Student_23BDS170,23
23BDS171,DSAI,Sem4,A,Student_23BDS171,23
23BDS172,DSAI,Sem4,A,Student_23BDS172,23
23BDS173,DSAI,Sem4,A,Student_23BDS173,23
23BDS174,DSAI,Sem4,A,Student_23BDS174,23
23BDS175,DSAI,Sem4,A,Student_23BDS175,23
23BDS176,DSAI,Sem4,A,Student_23BDS176,23
23BDS177,DSAI,Sem4,A,Student_23BDS177,23
23BDS178,DSAI,Sem4,A,Student_23BDS178,23
23BDS179,DSAI,Sem4,A,Student_23BDS179,23
23BDS180,DSAI,Sem4,A,Student_23BDS180,23
23BDS181,DSAI,Sem4,A,Student_23BDS181,23
23BDS182,DSAI,Sem4,A,Student_23BDS182,23
23BDS183,DSAI,Sem4,A,Student_23BDS183,23
23BDS184,DSAI,Sem4,A,Student_23BDS184,23
23BDS185,DSAI,Sem4,A,Student_23BDS185,23
23BDS186,DSAI,Sem4,A,Student_23BDS186,23
23BDS187,DSAI,Sem4,A,Student_23BDS187,23
23BDS188,DSAI,Sem4,A,Student_23BDS188,23
23BDS189,DSAI,Sem4,A,Student_23BDS189,23
23BDS190,DSAI,Sem4,A,Student_23BDS190,23
23BDS151,DSAI,Sem4,B,Student_23BDS151,23
23BDS152,DSAI,Sem4,B,Student_23BDS152,23
23BDS153,DSAI,Sem4,B,Student_23BDS153,23
23BDS154,DSAI,Sem4,B,Student_23BDS154,23
23BDS155,DSAI,Sem4,B,Student_23BDS155,23
23BDS156,DSAI,Sem4,B,Student_23BDS156,23
23BDS157,DSAI,Sem4,B,Student_23BDS157,23
23BDS158,DSAI,Sem4,B,Student_23BDS158,23
23BDS159,DSAI,Sem4,B,Student_23BDS159,23
23BDS160,DSAI,Sem4,B,Student_23BDS160,23
23BDS161,DSAI,Sem4,B,Student_23BDS161,23
23BDS162,DSAI,Sem4,B,Student_23BDS162,23
23BDS163,DSAI,Sem4,B,Student_23BDS163,23
23BDS164,DSAI,Sem4,B,Student_23BDS164,23
23BDS165,DSAI,Sem4,B,Student_23BDS165,23
23BDS166,DSAI,Sem4,B,Student_23BDS166,23
23BDS167,DSAI,Sem4,B,Student_23BDS167,23
23BDS168,DSAI,Sem4,B,Student_23BDS168,23
23BDS169,DSAI,Sem4,B,Student_23BDS169,23
23BDS170,DSAI,Sem4,B,Student_23BDS170,23
23BDS171,DSAI,Sem4,B,Student_23BDS171,23
23BDS172,DSAI,Sem4,B,Student_23BDS172,23
23BDS173,DSAI,Sem4,B,Student_23BDS173,23
23BDS174,DSAI,Sem4,B,Student_23BDS174,23
23BDS175,DSAI,Sem4,B,Student_23BDS175,23
23BDS176,DSAI,Sem4,B,Student_23BDS176,23
23BDS177,DSAI,Sem4,B,Student_23BDS177,23
23BDS178,DSAI,Sem4,B,Student_23BDS178,23
23BDS179,DSAI,Sem4,B,Student_23BDS179,23
23BDS180,DSAI,Sem4,B,Student_23BDS180,23
23BDS181,DSAI,Sem4,B,Student_23BDS181,23
23BDS182,DSAI,Sem4,B,Student_23BDS182,23
23BDS183,DSAI,Sem4,B,Student_23BDS183,23
23BDS184,DSAI,Sem4,B,Student_23BDS184,23
23BDS185,DSAI,Sem4,B,Student_23BDS185,23
23BDS186,DSAI,Sem4,B,Student_23BDS186,23
23BDS187,DSAI,Sem4,B,Student_23BDS187,23
23BDS188,DSAI,Sem4,B,Student_23BDS188,23
23BDS189,DSAI,Sem4,B,Student_23BDS189,23
23BDS190,DSAI,Sem4,B,Student_23BDS190,23
23BDS191,DSAI,Sem4,B,Student_23BDS191,23
23BDS192,DSAI,Sem4,B,Student_23BDS192,23
23BDS193,DSAI,Sem4,B,Student_23BDS193,23
23BDS194,DSAI,Sem4,B,Student_23BDS194,23
23BDS195,DSAI,Sem4,B,Student_23BDS195,23
23BDS196,DSAI,Sem4,B,Student_23BDS196,23
23BDS197,DSAI,Sem4,B,Student_23BDS197,23
23BDS198,DSAI,Sem4,B,Student_23BDS198,23
23BDS199,DSAI,Sem4,B,Student_23BDS199,23
23BDS200,DSAI,Sem4,B,Student_23BDS200,23
23BDS201,DSAI,Sem4,B,Student_23BDS201,23
23BDS202,DSAI,Sem4,B,Student_23BDS202,23
23BDS203,DSAI,Sem4,B,Student_23BDS203,23
23BDS204,DSAI,Sem4,B,Student_23BDS204,23
23BDS205,DSAI,Sem4,B,Student_23BDS205,23
23BDS206,DSAI,Sem4,B,Student_23BDS206,23
23BDS207,DSAI,Sem4,B,Student_23BDS207,23
23BDS208,DSAI,Sem4,B,Student_23BDS208,23
23BDS209,DSAI,Sem4,B,Student_23BDS209,23
23BDS210,DSAI,Sem4,B,Student_23BDS210,23
23BDS211,DSAI,Sem4,B,Student_23BDS211,23
23BDS212,DSAI,Sem4,B,Student_23BDS212,23
23BDS213,DSAI,Sem4,B,Student_23BDS213,23
23BDS214,DSAI,Sem4,B,Student_23BDS214,23
23BDS215,DSAI,Sem4,B,Student_23BDS215,23
23BDS216,DSAI,Sem4,B,Student_23BDS216,23
23BDS217,DSAI,Sem4,B,Student_23BDS217,23
23BDS218,DSAI,Sem4,B,Student_23BDS218,23
23BDS219,DSAI,Sem4,B,Student_23BDS219,23
23BDS220,DSAI,Sem4,B,Student_23BDS220,23
23BDS221,DSAI,Sem4,B,Student_23BDS221,23
23BDS222,DSAI,Sem4,B,Student_23BDS222,23
23BDS223,DSAI,Sem4,B,Student_23BDS223,23
23BDS224,DSAI,Sem4,B,Student_23BDS224,23
23BDS225,DSAI,Sem4,B,Student_23BDS225,23
23BDS226,DSAI,Sem4,B,Student_23BDS226,23
23BDS227,DSAI,Sem4,B,Student_23BDS227,23
23BDS228,DSAI,Sem4,B,Student_23BDS228,23
23BDS229,DSAI,Sem4,B,Student_23BDS229,23
23BDS230,DSAI,Sem4,B,Student_23BDS230,23
23BDS231,DSAI,Sem4,B,Student_23BDS231,23
23BDS232,DSAI,Sem4,B,Student_23BDS232,23
23BDS233,DSAI,Sem4,B,Student_23BDS233,23
23BDS234,DSAI,Sem4,B,Student_23BDS234,23
23BDS235,DSAI,Sem4,B,Student_23BDS235,23
23BDS236,DSAI,Sem4,B,Student_23BDS236,23
23BDS237,DSAI,Sem4,B,Student_23BDS237,23
23BDS238,DSAI,Sem4,B,Student_23BDS238,23
23BDS239,DSAI,Sem4,B,Student_23BDS239,23
23BDS240,DSAI,Sem4,B,Student_23BDS240,23
22BDS101,DSAI,Sem6,A,Student_22BDS101,22
22BDS102,DSAI,Sem6,A,Student_22BDS102,22
22BDS103,DSAI,Sem6,A,Student_22BDS103,22
22BDS104,DSAI,Sem6,A,Student_22BDS104,22
22BDS105,DSAI,Sem6,A,Student_22BDS105,22
22BDS106,DSAI,Sem6,A,Student_22BDS106,22
22BDS107,DSAI,Sem6,A,Student_22BDS107,22
22BDS108,DSAI,Sem6,A,Student_22BDS108,22
22BDS109,DSAI,Sem6,A,Student_22BDS109,22
22BDS110,DSAI,Sem6,A,Student_22BDS110,22
22BDS111,DSAI,Sem6,A,Student_22BDS111,22
22BDS112,DSAI,Sem6,A,Student_22BDS112,22
22BDS113,DSAI,Sem6,A,Student_22BDS113,22
22BDS114,DSAI,Sem6,A,Student_22BDS114,22
22BDS115,DSAI,Sem6,A,Student_22BDS115,22
22BDS116,DSAI,Sem6,A,Student_22BDS116,22
22BDS117,DSAI,Sem6,A,Student_22BDS117,22
22BDS118,DSAI,Sem6,A,Student_22BDS118,22
22BDS119,DSAI,Sem6,A,Student_22BDS119,22
22BDS120,DSAI,Sem6,A,Student_22BDS120,22
22BDS121,DSAI,Sem6,A,Student_22BDS121,22
22BDS122,DSAI,Sem6,A,Student_22BDS122,22
22BDS123,DSAI,Sem6,A,Student_22BDS123,22
22BDS124,DSAI,Sem6,A,Student_22BDS124,22
22BDS125,DSAI,Sem6,A,Student_22BDS125,22
22BDS126,DSAI,Sem6,A,Student_22BDS126,22
22BDS127,DSAI,Sem6,A,Student_22BDS127,22
22BDS128,DSAI,Sem6,A,Student_22BDS128,22
22BDS129,DSAI,Sem6,A,Student_22BDS129,22
22BDS130,DSAI,Sem6,A,Student_22BDS130,22
22BDS131,DSAI,Sem6,A,Student_22BDS131,22
22BDS132,DSAI,Sem6,A,Student_22BDS132,22
22BDS133,DSAI,Sem6,A,Student_22BDS133,22
22BDS134,DSAI,Sem6,A,Student_22BDS134,22
22BDS135,DSAI,Sem6,A,Student_22BDS135,22
22BDS136,DSAI,Sem6,A,Student_22BDS136,22
22BDS137,DSAI,Sem6,A,Student_22BDS137,22
22BDS138,DSAI,Sem6,A,Student_22BDS138,22
22BDS139,DSAI,Sem6,A,Student_22BDS139,22
22BDS140,DSAI,Sem6,A,Student_22BDS140,22
22BDS141,DSAI,Sem6,A,Student_22BDS141,22
22BDS142,DSAI,Sem6,A,Student_22BDS142,22
22BDS143,DSAI,Sem6,A,Student_22BDS143,22
22BDS144,DSAI,Sem6,A,Student_22BDS144,22
22BDS145,DSAI,Sem6,A,Student_22BDS145,22
22BDS146,DSAI,Sem6,A,Student_22BDS146,22
22BDS147,DSAI,Sem6,A,Student_22BDS147,22
22BDS148,DSAI,Sem6,A,Student_22BDS148,22
22BDS149,DSAI,Sem6,A,Student_22BDS149,22
22BDS150,DSAI,Sem6,A,Student_22BDS150,22
22BDS151,DSAI,Sem6,A,Student_22BDS151,22
22BDS152,DSAI,Sem6,A,Student_22BDS152,22
22BDS153,DSAI,Sem6,A,Student_22BDS153,22
22BDS154,DSAI,Sem6,A,Student_22BDS154,22
22BDS155,DSAI,Sem6,A,Student_22BDS155,22
22BDS156,DSAI,Sem6,A,Student_22BDS156,22
22BDS157,DSAI,Sem6,A,Student_22BDS157,22
22BDS158,DSAI,Sem6,A,Student_22BDS158,22
22BDS159,DSAI,Sem6,A,Student_22BDS159,22
22BDS160,DSAI,Sem6,A,Student_22BDS160,22
22BDS161,DSAI,Sem6,A,Student_22BDS161,22
22BDS162,DSAI,Sem6,A,Student_22BDS162,22
22BDS163,DSAI,Sem6,A,Student_22BDS163,22
22BDS164,DSAI,Sem6,A,Student_22BDS164,22
22BDS165,DSAI,Sem6,A,Student_22BDS165,22
22BDS166,DSAI,Sem6,A,Student_22BDS166,22
22BDS167,DSAI,Sem6,A,Student_22BDS167,22
22BDS168,DSAI,Sem6,A,Student_22BDS168,22
22BDS169,DSAI,Sem6,A,Student_22BDS169,22
22BDS170,DSAI,Sem6,A,Student_22BDS170,22
22BDS171,DSAI,Sem6,A,Student_22BDS171,22
22BDS172,DSAI,Sem6,A,Student_22BDS172,22
22BDS173,DSAI,Sem6,A,Student_22BDS173,22
22BDS174,DSAI,Sem6,A,Student_22BDS174,22
22BDS175,DSAI,Sem6,A,Student_22BDS175,22
22BDS176,DSAI,Sem6,A,Student_22BDS176,22
22BDS177,DSAI,Sem6,A,Student_22BDS177,22
22BDS178,DSAI,Sem6,A,Student_22BDS178,22
22BDS179,DSAI,Sem6,A,Student_22BDS179,22
22BDS180,DSAI,Sem6,A,Student_22BDS180,22
22BDS151,DSAI,Sem6,B,Student_22BDS151,22
22BDS152,DSAI,Sem6,B,Student_22BDS152,22
22BDS153,DSAI,Sem6,B,Student_22BDS153,22
22BDS154,DSAI,Sem6,B,Student_22BDS154,22
22BDS155,DSAI,Sem6,B,Student_22BDS155,22
22BDS156,DSAI,Sem6,B,Student_22BDS156,22
22BDS157,DSAI,Sem6,B,Student_22BDS157,22
22BDS158,DSAI,Sem6,B,Student_22BDS158,22
22BDS159,DSAI,Sem6,B,Student_22BDS159,22
22BDS160,DSAI,Sem6,B,Student_22BDS160,22
22BDS161,DSAI,Sem6,B,Student_22BDS161,22
22BDS162,DSAI,Sem6,B,Student_22BDS162,22
22BDS163,DSAI,Sem6,B,Student_22BDS163,22
22BDS164,DSAI,Sem6,B,Student_22BDS164,22
22BDS165,DSAI,Sem6,B,Student_22BDS165,22
22BDS166,DSAI,Sem6,B,Student_22BDS166,22
22BDS167,DSAI,Sem6,B,Student_22BDS167,22
22BDS168,DSAI,Sem6,B,Student_22BDS168,22
22BDS169,DSAI,Sem6,B,Student_22BDS169,22
22BDS170,DSAI,Sem6,B,Student_22BDS170,22
22BDS171,DSAI,Sem6,B,Student_22BDS171,22
22BDS172,DSAI,Sem6,B,Student_22BDS172,22
22BDS173,DSAI,Sem6,B,Student_22BDS173,22
22BDS174,DSAI,Sem6,B,Student_22BDS174,22
22BDS175,DSAI,Sem6,B,Student_22BDS175,22
22BDS176,DSAI,Sem6,B,Student_22BDS176,22
22BDS177,DSAI,Sem6,B,Student_22BDS177,22
22BDS178,DSAI,Sem6,B,Student_22BDS178,22
22BDS179,DSAI,Sem6,B,Student_22BDS179,22
22BDS180,DSAI,Sem6,B,Student_22BDS180,22
22BDS181,DSAI,Sem6,B,Student_22BDS181,22
22BDS182,DSAI,Sem6,B,Student_22BDS182,22
22BDS183,DSAI,Sem6,B,Student_22BDS183,22
22BDS184,DSAI,Sem6,B,Student_22BDS184,22
22BDS185,DSAI,Sem6,B,Student_22BDS185,22
22BDS186,DSAI,Sem6,B,Student_22BDS186,22
22BDS187,DSAI,Sem6,B,Student_22BDS187,22
22BDS188,DSAI,Sem6,B,Student_22BDS188,22
22BDS189,DSAI,Sem6,B,Student_22BDS189,22
22BDS190,DSAI,Sem6,B,Student_22BDS190,22
22BDS191,DSAI,Sem6,B,Student_22BDS191,22
22BDS192,DSAI,Sem6,B,Student_22BDS192,22
22BDS193,DSAI,Sem6,B,Student_22BDS193,22
22BDS194,DSAI,Sem6,B,Student_22BDS194,22
22BDS195,DSAI,Sem6,B,Student_22BDS195,22
22BDS196,DSAI,Sem6,B,Student_22BDS196,22
22BDS197,DSAI,Sem6,B,Student_22BDS197,22
22BDS198,DSAI,Sem6,B,Student_22BDS198,22
22BDS199,DSAI,Sem6,B,Student_22BDS199,22
22BDS200,DSAI,Sem6,B,Student_22BDS200,22
22BDS201,DSAI,Sem6,B,Student_22BDS201,22
22BDS202,DSAI,Sem6,B,Student_22BDS202,22
22BDS203,DSAI,Sem6,B,Student_22BDS203,22
22BDS204,DSAI,Sem6,B,Student_22BDS204,22
22BDS205,DSAI,Sem6,B,Student_22BDS205,22
22BDS206,DSAI,Sem6,B,Student_22BDS206,22
22BDS207,DSAI,Sem6,B,Student_22BDS207,22
22BDS208,DSAI,Sem6,B,Student_22BDS208,22
22BDS209,DSAI,Sem6,B,Student_22BDS209,22
22BDS210,DSAI,Sem6,B,Student_22BDS210,22
22BDS211,DSAI,Sem6,B,Student_22BDS211,22
22BDS212,DSAI,Sem6,B,Student_22BDS212,22
22BDS213,DSAI,Sem6,B,Student_22BDS213,22
22BDS214,DSAI,Sem6,B,Student_22BDS214,22
22BDS215,DSAI,Sem6,B,Student_22BDS215,22
22BDS216,DSAI,Sem6,B,Student_22BDS216,22
22BDS217,DSAI,Sem6,B,Student_22BDS217,22
22BDS218,DSAI,Sem6,B,Student_22BDS218,22
22BDS219,DSAI,Sem6,B,Student_22BDS219,22
22BDS220,DSAI,Sem6,B,Student_22BDS220,22
22BDS221,DSAI,Sem6,B,Student_22BDS221,22
22BDS222,DSAI,Sem6,B,Student_22BDS222,22
22BDS223,DSAI,Sem6,B,Student_22BDS223,22
22BDS224,DSAI,Sem6,B,Student_22BDS224,22
22BDS225,DSAI,Sem6,B,Student_22BDS225,22
22BDS226,DSAI,Sem6,B,Student_22BDS226,22
22BDS227,DSAI,Sem6,B,Student_22BDS227,22
22BDS228,DSAI,Sem6,B,Student_22BDS228,22
22BDS229,DSAI,Sem6,B,Student_22BDS229,22
22BDS230,DSAI,Sem6,B,Student_22BDS230,22
24BEC101,ECE,Sem2,A,Student_24BEC101,24
24BEC102,ECE,Sem2,A,Student_24BEC102,24
24BEC103,ECE,Sem2,A,Student_24BEC103,24
24BEC104,ECE,Sem2,A,Student_24BEC104,24
24BEC105,ECE,Sem2,A,Student_24BEC105,24
24BEC106,ECE,Sem2,A,Student_24BEC106,24
24BEC107,ECE,Sem2,A,Student_24BEC107,24
24BEC108,ECE,Sem2,A,Student_24BEC108,24
24BEC109,ECE,Sem2,A,Student_24BEC109,24
24BEC110,ECE,Sem2,A,Student_24BEC110,24
24BEC111,ECE,Sem2,A,Student_24BEC111,24
24BEC112,ECE,Sem2,A,Student_24BEC112,24
24BEC113,ECE,Sem2,A,Student_24BEC113,24
24BEC114,ECE,Sem2,A,Student_24BEC114,24
24BEC115,ECE,Sem2,A,Student_24BEC115,24
24BEC116,ECE,Sem2,A,Student_24BEC116,24
24BEC117,ECE,Sem2,A,Student_24BEC117,24
24BEC118,ECE,Sem2,A,Student_24BEC118,24
24BEC119,ECE,Sem2,A,Student_24BEC119,24
24BEC120,ECE,Sem2,A,Student_24BEC120,24
24BEC121,ECE,Sem2,A,Student_24BEC121,24
24BEC122,ECE,Sem2,A,Student_24BEC122,24
24BEC123,ECE,Sem2,A,Student_24BEC123,24
24BEC124,ECE,Sem2,A,Student_24BEC124,24
24BEC125,ECE,Sem2,A,Student_24BEC125,24
24BEC126,ECE,Sem2,A,Student_24BEC126,24
24BEC127,ECE,Sem2,A,Student_24BEC127,24
24BEC128,ECE,Sem2,A,Student_24BEC128,24
24BEC129,ECE,Sem2,A,Student_24BEC129,24
24BEC130,ECE,Sem2,A,Student_24BEC130,24
24BEC131,ECE,Sem2,A,Student_24BEC131,24
24BEC132,ECE,Sem2,A,Student_24BEC132,24
24BEC133,ECE,Sem2,A,Student_24BEC133,24
24BEC134,ECE,Sem2,A,Student_24BEC134,24
24BEC135,ECE,Sem2,A,Student_24BEC135,24
24BEC136,ECE,Sem2,A,Student_24BEC136,24
24BEC137,ECE,Sem2,A,Student_24BEC137,24
24BEC138,ECE,Sem2,A,Student_24BEC138,24
24BEC139,ECE,Sem2,A,Student_24BEC139,24
24BEC140,ECE,Sem2,A,Student_24BEC140,24
24BEC141,ECE,Sem2,A,Student_24BEC141,24
24BEC142,ECE,Sem2,A,Student_24BEC142,24
24BEC143,ECE,Sem2,A,Student_24BEC143,24
24BEC144,ECE,Sem2,A,Student_24BEC144,24
24BEC145,ECE,Sem2,A,Student_24BEC145,24
24BEC146,ECE,Sem2,A,Student_24BEC146,24
24BEC147,ECE,Sem2,A,Student_24BEC147,24
24BEC148,ECE,Sem2,A,Student_24BEC148,24
24BEC149,ECE,Sem2,A,Student_24BEC149,24
24BEC150,ECE,Sem2,A,Student_24BEC150,24
24BEC151,ECE,Sem2,A,Student_24BEC151,24
24BEC152,ECE,Sem2,A,Student_24BEC152,24
24BEC153,ECE,Sem2,A,Student_24BEC153,24
24BEC154,ECE,Sem2,A,Student_24BEC154,24
24BEC155,ECE,Sem2,A,Student_24BEC155,24
24BEC156,ECE,Sem2,A,Student_24BEC156,24
24BEC157,ECE,Sem2,A,Student_24BEC157,24
24BEC158,ECE,Sem2,A,Student_24BEC158,24
24BEC159,ECE,Sem2,A,Student_24BEC159,24
24BEC160,ECE,Sem2,A,Student_24BEC160,24
24BEC161,ECE,Sem2,A,Student_24BEC161,24
24BEC162,ECE,Sem2,A,Student_24BEC162,24
24BEC163,ECE,Sem2,A,Student_24BEC163,24
24BEC164,ECE,Sem2,A,Student_24BEC164,24
24BEC165,ECE,Sem2,A,Student_24BEC165,24
24BEC166,ECE,Sem2,A,Student_24BEC166,24
24BEC167,ECE,Sem2,A,Student_24BEC167,24
24BEC168,ECE,Sem2,A,Student_24BEC168,24
24BEC169,ECE,Sem2,A,Student_24BEC169,24
24BEC170,ECE,Sem2,A,Student_24BEC170,24
24BEC171,ECE,Sem2,A,Student_24BEC171,24
24BEC172,ECE,Sem2,A,Student_24BEC172,24
24BEC173,ECE,Sem2,A,Student_24BEC173,24
24BEC174,ECE,Sem2,A,Student_24BEC174,24
24BEC175,ECE,Sem2,A,Student_24BEC175,24
24BEC176,ECE,Sem2,A,Student_24BEC176,24
24BEC177,ECE,Sem2,A,Student_24BEC177,24
24BEC178,ECE,Sem2,A,Student_24BEC178,24
24BEC179,ECE,Sem2,A,Student_24BEC179,24
24BEC180,ECE,Sem2,A,Student_24BEC180,24
24BEC181,ECE,Sem2,A,Student_24BEC181,24
24BEC182,ECE,Sem2,A,Student_24BEC182,24
24BEC183,ECE,Sem2,A,Student_24BEC183,24
24BEC184,ECE,Sem2,A,Student_24BEC184,24
24BEC185,ECE,Sem2,A,Student_24BEC185,24
24BEC186,ECE,Sem2,A,Student_24BEC186,24
24BEC187,ECE,Sem2,A,Student_24BEC187,24
24BEC188,ECE,Sem2,A,Student_24BEC188,24
24BEC189,ECE,Sem2,A,Student_24BEC189,24
24BEC190,ECE,Sem2,A,Student_24BEC190,24
24BEC191,ECE,Sem2,A,Student_24BEC191,24
24BEC192,ECE,Sem2,A,Student_24BEC192,24
24BEC193,ECE,Sem2,A,Student_24BEC193,24
24BEC194,ECE,Sem2,A,Student_24BEC194,24
24BEC195,ECE,Sem2,A,Student_24BEC195,24
24BEC196,ECE,Sem2,A,Student_24BEC196,24
24BEC197,ECE,Sem2,A,Student_24BEC197,24
24BEC198,ECE,Sem2,A,Student_24BEC198,24
24BEC199,ECE,Sem2,A,Student_24BEC199,24
24BEC200,ECE,Sem2,A,Student_24BEC200,24
24BEC201,ECE,Sem2,A,Student_24BEC201,24
24BEC202,ECE,Sem2,A,Student_24BEC202,24
24BEC203,ECE,Sem2,A,Student_24BEC203,24
24BEC204,ECE,Sem2,A,Student_24BEC204,24
24BEC205,ECE,Sem2,A,Student_24BEC205,24
24BEC206,ECE,Sem2,A,Student_24BEC206,24
24BEC207,ECE,Sem2,A,Student_24BEC207,24
24BEC208,ECE,Sem2,A,Student_24BEC208,24
24BEC209,ECE,Sem2,A,Student_24BEC209,24
24BEC210,ECE,Sem2,A,Student_24BEC210,24
24BEC151,ECE,Sem2,B,Student_24BEC151,24
24BEC152,ECE,Sem2,B,Student_24BEC152,24
24BEC153,ECE,Sem2,B,Student_24BEC153,24
24BEC154,ECE,Sem2,B,Student_24BEC154,24
24BEC155,ECE,Sem2,B,Student_24BEC155,24
24BEC156,ECE,Sem2,B,Student_24BEC156,24
24BEC157,ECE,Sem2,B,Student_24BEC157,24
24BEC158,ECE,Sem2,B,Student_24BEC158,24
24BEC159,ECE,Sem2,B,Student_24BEC159,24
24BEC160,ECE,Sem2,B,Student_24BEC160,24
24BEC161,ECE,Sem2,B,Student_24BEC161,24
24BEC162,ECE,Sem2,B,Student_24BEC162,24
24BEC163,ECE,Sem2,B,Student_24BEC163,24
24BEC164,ECE,Sem2,B,Student_24BEC164,24
24BEC165,ECE,Sem2,B,Student_24BEC165,24
24BEC166,ECE,Sem2,B,Student_24BEC166,24
24BEC167,ECE,Sem2,B,Student_24BEC167,24
24BEC168,ECE,Sem2,B,Student_24BEC168,24
24BEC169,ECE,Sem2,B,Student_24BEC169,24
24BEC170,ECE,Sem2,B,Student_24BEC170,24
24BEC171,ECE,Sem2,B,Student_24BEC171,24
24BEC172,ECE,Sem2,B,Student_24BEC172,24
24BEC173,ECE,Sem2,B,Student_24BEC173,24
24BEC174,ECE,Sem2,B,Student_24BEC174,24
24BEC175,ECE,Sem2,B,Student_24BEC175,24
24BEC176,ECE,Sem2,B,Student_24BEC176,24
24BEC177,ECE,Sem2,B,Student_24BEC177,24
24BEC178,ECE,Sem2,B,Student_24BEC178,24
24BEC179,ECE,Sem2,B,Student_24BEC179,24
24BEC180,ECE,Sem2,B,Student_24BEC180,24
24BEC181,ECE,Sem2,B,Student_24BEC181,24
24BEC182,ECE,Sem2,B,Student_24BEC182,24
24BEC183,ECE,Sem2,B,Student_24BEC183,24
24BEC184,ECE,Sem2,B,Student_24BEC184,24
24BEC185,ECE,Sem2,B,Student_24BEC185,24
24BEC186,ECE,Sem2,B,Student_24BEC186,24
24BEC187,ECE,Sem2,B,Student_24BEC187,24
24BEC188,ECE,Sem2,B,Student_24BEC188,24
24BEC189,ECE,Sem2,B,Student_24BEC189,24
24BEC190,ECE,Sem2,B,Student_24BEC190,24
24BEC191,ECE,Sem2,B,Student_24BEC191,24
24BEC192,ECE,Sem2,B,Student_24BEC192,24
24BEC193,ECE,Sem2,B,Student_24BEC193,24
24BEC194,ECE,Sem2,B,Student_24BEC194,24
24BEC195,ECE,Sem2,B,Student_24BEC195,24
24BEC196,ECE,Sem2,B,Student_24BEC196,24
24BEC197,ECE,Sem2,B,Student_24BEC197,24
24BEC198,ECE,Sem2,B,Student_24BEC198,24
24BEC199,ECE,Sem2,B,Student_24BEC199,24
24BEC200,ECE,Sem2,B,Student_24BEC200,24
24BEC201,ECE,Sem2,B,Student_24BEC201,24
24BEC202,ECE,Sem2,B,Student_24BEC202,24
24BEC203,ECE,Sem2,B,Student_24BEC203,24
24BEC204,ECE,Sem2,B,Student_24BEC204,24
24BEC205,ECE,Sem2,B,Student_24BEC205,24
24BEC206,ECE,Sem2,B,Student_24BEC206,24
24BEC207,ECE,Sem2,B,Student_24BEC207,24
24BEC208,ECE,Sem2,B,Student_24BEC208,24
24BEC209,ECE,Sem2,B,Student_24BEC209,24
24BEC210,ECE,Sem2,B,Student_24BEC210,24
24BEC211,ECE,Sem2,B,Student_24BEC211,24
24BEC212,ECE,Sem2,B,Student_24BEC212,24
24BEC213,ECE,Sem2,B,Student_24BEC213,24
24BEC214,ECE,Sem2,B,Student_24BEC214,24
24BEC215,ECE,Sem2,B,Student_24BEC215,24
24BEC216,ECE,Sem2,B,Student_24BEC216,24
24BEC217,ECE,Sem2,B,Student_24BEC217,24
24BEC218,ECE,Sem2,B,Student_24BEC218,24
24BEC219,ECE,Sem2,B,Student_24BEC219,24
24BEC220,ECE,Sem2,B,Student_24BEC220,24
24BEC221,ECE,Sem2,B,Student_24BEC221,24
24BEC222,ECE,Sem2,B,Student_24BEC222,24
24BEC223,ECE,Sem2,B,Student_24BEC223,24
24BEC224,ECE,Sem2,B,Student_24BEC224,24
24BEC225,ECE,Sem2,B,Student_24BEC225,24
24BEC226,ECE,Sem2,B,Student_24BEC226,24
24BEC227,ECE,Sem2,B,Student_24BEC227,24
24BEC228,ECE,Sem2,B,Student_24BEC228,24
24BEC229,ECE,Sem2,B,Student_24BEC229,24
24BEC230,ECE,Sem2,B,Student_24BEC230,24
24BEC231,ECE,Sem2,B,Student_24BEC231,24
24BEC232,ECE,Sem2,B,Student_24BEC232,24
24BEC233,ECE,Sem2,B,Student_24BEC233,24
24BEC234,ECE,Sem2,B,Student_24BEC234,24
24BEC235,ECE,Sem2,B,Student_24BEC235,24
24BEC236,ECE,Sem2,B,Student_24BEC236,24
24BEC237,ECE,Sem2,B,Student_24BEC237,24
24BEC238,ECE,Sem2,B,Student_24BEC238,24
24BEC239,ECE,Sem2,B,Student_24BEC239,24
24BEC240,ECE,Sem2,B,Student_24BEC240,24
24BEC241,ECE,Sem2,B,Student_24BEC241,24
24BEC242,ECE,Sem2,B,Student_24BEC242,24
24BEC243,ECE,Sem2,B,Student_24BEC243,24
24BEC244,ECE,Sem2,B,Student_24BEC244,24
24BEC245,ECE,Sem2,B,Student_24BEC245,24
24BEC246,ECE,Sem2,B,Student_24BEC246,24
24BEC247,ECE,Sem2,B,Student_24BEC247,24
24BEC248,ECE,Sem2,B,Student_24BEC248,24
24BEC249,ECE,Sem2,B,Student_24BEC249,24
24BEC250,ECE,Sem2,B,Student_24BEC250,24
24BEC251,ECE,Sem2,B,Student_24BEC251,24
24BEC252,ECE,Sem2,B,Student_24BEC252,24
24BEC253,ECE,Sem2,B,Student_24BEC253,24
24BEC254,ECE,Sem2,B,Student_24BEC254,24
24BEC255,ECE,Sem2,B,Student_24BEC255,24
24BEC256,ECE,Sem2,B,Student_24BEC256,24
24BEC257,ECE,Sem2,B,Student_24BEC257,24
24BEC258,ECE,Sem2,B,Student_24BEC258,24
24BEC259,ECE,Sem2,B,Student_24BEC259,24
24BEC260,ECE,Sem2,B,Student_24BEC260,24
23BEC101,ECE,Sem4,A,Student_23BEC101,23
23BEC102,ECE,Sem4,A,Student_23BEC102,23
23BEC103,ECE,Sem4,A,Student_23BEC103,23
23BEC104,ECE,Sem4,A,Student_23BEC104,23
23BEC105,ECE,Sem4,A,Student_23BEC105,23
23BEC106,ECE,Sem4,A,Student_23BEC106,23
23BEC107,ECE,Sem4,A,Student_23BEC107,23
23BEC108,ECE,Sem4,A,Student_23BEC108,23
23BEC109,ECE,Sem4,A,Student_23BEC109,23
23BEC110,ECE,Sem4,A,Student_23BEC110,23
23BEC111,ECE,Sem4,A,Student_23BEC111,23
23BEC112,ECE,Sem4,A,Student_23BEC112,23
23BEC113,ECE,Sem4,A,Student_23BEC113,23
23BEC114,ECE,Sem4,A,Student_23BEC114,23
23BEC115,ECE,Sem4,A,Student_23BEC115,23
23BEC116,ECE,Sem4,A,Student_23BEC116,23
23BEC117,ECE,Sem4,A,Student_23BEC117,23
23BEC118,ECE,Sem4,A,Student_23BEC118,23
23BEC119,ECE,Sem4,A,Student_23BEC119,23
23BEC120,ECE,Sem4,A,Student_23BEC120,23
23BEC121,ECE,Sem4,A,Student_23BEC121,23
23BEC122,ECE,Sem4,A,Student_23BEC122,23
23BEC123,ECE,Sem4,A,Student_23BEC123,23
23BEC124,ECE,Sem4,A,Student_23BEC124,23
23BEC125,ECE,Sem4,A,Student_23BEC125,23
23BEC126,ECE,Sem4,A,Student_23BEC126,23
23BEC127,ECE,Sem4,A,Student_23BEC127,23
23BEC128,ECE,Sem4,A,Student_23BEC128,23
23BEC129,ECE,Sem4,A,Student_23BEC129,23
23BEC130,ECE,Sem4,A,Student_23BEC130,23
23BEC131,ECE,Sem4,A,Student_23BEC131,23
23BEC132,ECE,Sem4,A,Student_23BEC132,23
23BEC133,ECE,Sem4,A,Student_23BEC133,23
23BEC134,ECE,Sem4,A,Student_23BEC134,23
23BEC135,ECE,Sem4,A,Student_23BEC135,23
23BEC136,ECE,Sem4,A,Student_23BEC136,23
23BEC137,ECE,Sem4,A,Student_23BEC137,23
23BEC138,ECE,Sem4,A,Student_23BEC138,23
23BEC139,ECE,Sem4,A,Student_23BEC139,23
23BEC140,ECE,Sem4,A,Student_23BEC140,23
23BEC141,ECE,Sem4,A,Student_23BEC141,23
23BEC142,ECE,Sem4,A,Student_23BEC142,23
23BEC143,ECE,Sem4,A,Student_23BEC143,23
23BEC144,ECE,Sem4,A,Student_23BEC144,23
23BEC145,ECE,Sem4,A,Student_23BEC145,23
23BEC146,ECE,Sem4,A,Student_23BEC146,23
23BEC147,ECE,Sem4,A,Student_23BEC147,23
23BEC148,ECE,Sem4,A,Student_23BEC148,23
23BEC149,ECE,Sem4,A,Student_23BEC149,23
23BEC150,ECE,Sem4,A,Student_23BEC150,23
23BEC151,ECE,Sem4,A,Student_23BEC151,23
23BEC152,ECE,Sem4,A,Student_23BEC152,23
23BEC153,ECE,Sem4,A,Student_23BEC153,23
23BEC154,ECE,Sem4,A,Student_23BEC154,23
23BEC155,ECE,Sem4,A,Student_23BEC155,23
23BEC156,ECE,Sem4,A,Student_23BEC156,23
23BEC157,ECE,Sem4,A,Student_23BEC157,23
23BEC158,ECE,Sem4,A,Student_23BEC158,23
23BEC159,ECE,Sem4,A,Student_23BEC159,23
23BEC160,ECE,Sem4,A,Student_23BEC160,23
23BEC161,ECE,Sem4,A,Student_23BEC161,23
23BEC162,ECE,Sem4,A,Student_23BEC162,23
23BEC163,ECE,Sem4,A,Student_23BEC163,23
23BEC164,ECE,Sem4,A,Student_23BEC164,23
23BEC165,ECE,Sem4,A,Student_23BEC165,23
23BEC166,ECE,Sem4,A,Student_23BEC166,23
23BEC167,ECE,Sem4,A,Student_23BEC167,23
23BEC168,ECE,Sem4,A,Student_23BEC168,23
23BEC169,ECE,Sem4,A,Student_23BEC169,23
23BEC170,ECE,Sem4,A,Student_23BEC170,23
23BEC171,ECE,Sem4,A,Student_23BEC171,23
23BEC172,ECE,Sem4,A,Student_23BEC172,23
23BEC173,ECE,Sem4,A,Student_23BEC173,23
23BEC174,ECE,Sem4,A,Student_23BEC174,23
23BEC175,ECE,Sem4,A,Student_23BEC175,23
23BEC176,ECE,Sem4,A,Student_23BEC176,23
23BEC177,ECE,Sem4,A,Student_23BEC177,23
23BEC178,ECE,Sem4,A,Student_23BEC178,23
23BEC179,ECE,Sem4,A,Student_23BEC179,23
23BEC180,ECE,Sem4,A,Student_23BEC180,23
23BEC181,ECE,Sem4,A,Student_23BEC181,23
23BEC182,ECE,Sem4,A,Student_23BEC182,23
23BEC183,ECE,Sem4,A,Student_23BEC183,23
23BEC184,ECE,Sem4,A,Student_23BEC184,23
23BEC185,ECE,Sem4,A,Student_23BEC185,23
23BEC186,ECE,Sem4,A,Student_23BEC186,23
23BEC187,ECE,Sem4,A,Student_23BEC187,23
23BEC188,ECE,Sem4,A,Student_23BEC188,23
23BEC189,ECE,Sem4,A,Student_23BEC189,23
23BEC190,ECE,Sem4,A,Student_23BEC190,23
23BEC191,ECE,Sem4,A,Student_23BEC191,23
23BEC192,ECE,Sem4,A,Student_23BEC192,23
23BEC193,ECE,Sem4,A,Student_23BEC193,23
23BEC194,ECE,Sem4,A,Student_23BEC194,23
23BEC195,ECE,Sem4,A,Student_23BEC195,23
23BEC196,ECE,Sem4,A,Student_23BEC196,23
23BEC197,ECE,Sem4,A,Student_23BEC197,23
23BEC198,ECE,Sem4,A,Student_23BEC198,23
23BEC199,ECE,Sem4,A,Student_23BEC199,23
23BEC200,ECE,Sem4,A,Student_23BEC200,23
23BEC151,ECE,Sem4,B,Student_23BEC151,23
23BEC152,ECE,Sem4,B,Student_23BEC152,23
23BEC153,ECE,Sem4,B,Student_23BEC153,23
23BEC154,ECE,Sem4,B,Student_23BEC154,23
23BEC155,ECE,Sem4,B,Student_23BEC155,23
23BEC156,ECE,Sem4,B,Student_23BEC156,23
23BEC157,ECE,Sem4,B,Student_23BEC157,23
23BEC158,ECE,Sem4,B,Student_23BEC158,23
23BEC159,ECE,Sem4,B,Student_23BEC159,23
23BEC160,ECE,Sem4,B,Student_23BEC160,23
23BEC161,ECE,Sem4,B,Student_23BEC161,23
23BEC162,ECE,Sem4,B,Student_23BEC162,23
23BEC163,ECE,Sem4,B,Student_23BEC163,23
23BEC164,ECE,Sem4,B,Student_23BEC164,23
23BEC165,ECE,Sem4,B,Student_23BEC165,23
23BEC166,ECE,Sem4,B,Student_23BEC166,23
23BEC167,ECE,Sem4,B,Student_23BEC167,23
23BEC168,ECE,Sem4,B,Student_23BEC168,23
23BEC169,ECE,Sem4,B,Student_23BEC169,23
23BEC170,ECE,Sem4,B,Student_23BEC170,23
23BEC171,ECE,Sem4,B,Student_23BEC171,23
23BEC172,ECE,Sem4,B,Student_23BEC172,23
23BEC173,ECE,Sem4,B,Student_23BEC173,23
23BEC174,ECE,Sem4,B,Student_23BEC174,23
23BEC175,ECE,Sem4,B,Student_23BEC175,23
23BEC176,ECE,Sem4,B,Student_23BEC176,23
23BEC177,ECE,Sem4,B,Student_23BEC177,23
23BEC178,ECE,Sem4,B,Student_23BEC178,23
23BEC179,ECE,Sem4,B,Student_23BEC179,23
23BEC180,ECE,Sem4,B,Student_23BEC180,23
23BEC181,ECE,Sem4,B,Student_23BEC181,23
23BEC182,ECE,Sem4,B,Student_23BEC182,23
23BEC183,ECE,Sem4,B,Student_23BEC183,23
23BEC184,ECE,Sem4,B,Student_23BEC184,23
23BEC185,ECE,Sem4,B,Student_23BEC185,23
23BEC186,ECE,Sem4,B,Student_23BEC186,23
23BEC187,ECE,Sem4,B,Student_23BEC187,23
23BEC188,ECE,Sem4,B,Student_23BEC188,23
23BEC189,ECE,Sem4,B,Student_23BEC189,23
23BEC190,ECE,Sem4,B,Student_23BEC190,23
23BEC191,ECE,Sem4,B,Student_23BEC191,23
23BEC192,ECE,Sem4,B,Student_23BEC192,23
23BEC193,ECE,Sem4,B,Student_23BEC193,23
23BEC194,ECE,Sem4,B,Student_23BEC194,23
23BEC195,ECE,Sem4,B,Student_23BEC195,23
23BEC196,ECE,Sem4,B,Student_23BEC196,23
23BEC197,ECE,Sem4,B,Student_23BEC197,23
23BEC198,ECE,Sem4,B,Student_23BEC198,23
23BEC199,ECE,Sem4,B,Student_23BEC199,23
23BEC200,ECE,Sem4,B,Student_23BEC200,23
23BEC201,ECE,Sem4,B,Student_23BEC201,23
23BEC202,ECE,Sem4,B,Student_23BEC202,23
23BEC203,ECE,Sem4,B,Student_23BEC203,23
23BEC204,ECE,Sem4,B,Student_23BEC204,23
23BEC205,ECE,Sem4,B,Student_23BEC205,23
23BEC206,ECE,Sem4,B,Student_23BEC206,23
23BEC207,ECE,Sem4,B,Student_23BEC207,23
23BEC208,ECE,Sem4,B,Student_23BEC208,23
23BEC209,ECE,Sem4,B,Student_23BEC209,23
23BEC210,ECE,Sem4,B,Student_23BEC210,23
23BEC211,ECE,Sem4,B,Student_23BEC211,23
23BEC212,ECE,Sem4,B,Student_23BEC212,23
23BEC213,ECE,Sem4,B,Student_23BEC213,23
23BEC214,ECE,Sem4,B,Student_23BEC214,23
23BEC215,ECE,Sem4,B,Student_23BEC215,23
23BEC216,ECE,Sem4,B,Student_23BEC216,23
23BEC217,ECE,Sem4,B,Student_23BEC217,23
23BEC218,ECE,Sem4,B,Student_23BEC218,23
23BEC219,ECE,Sem4,B,Student_23BEC219,23
23BEC220,ECE,Sem4,B,Student_23BEC220,23
23BEC221,ECE,Sem4,B,Student_23BEC221,23
23BEC222,ECE,Sem4,B,Student_23BEC222,23
23BEC223,ECE,Sem4,B,Student_23BEC223,23
23BEC224,ECE,Sem4,B,Student_23BEC224,23
23BEC225,ECE,Sem4,B,Student_23BEC225,23
23BEC226,ECE,Sem4,B,Student_23BEC226,23
23BEC227,ECE,Sem4,B,Student_23BEC227,23
23BEC228,ECE,Sem4,B,Student_23BEC228,23
23BEC229,ECE,Sem4,B,Student_23BEC229,23
23BEC230,ECE,Sem4,B,Student_23BEC230,23
23BEC231,ECE,Sem4,B,Student_23BEC231,23
23BEC232,ECE,Sem4,B,Student_23BEC232,23
23BEC233,ECE,Sem4,B,Student_23BEC233,23
23BEC234,ECE,Sem4,B,Student_23BEC234,23
23BEC235,ECE,Sem4,B,Student_23BEC235,23
23BEC236,ECE,Sem4,B,Student_23BEC236,23
23BEC237,ECE,Sem4,B,Student_23BEC237,23
23BEC238,ECE,Sem4,B,Student_23BEC238,23
23BEC239,ECE,Sem4,B,Student_23BEC239,23
23BEC240,ECE,Sem4,B,Student_23BEC240,23
23BEC241,ECE,Sem4,B,Student_23BEC241,23
23BEC242,ECE,Sem4,B,Student_23BEC242,23
23BEC243,ECE,Sem4,B,Student_23BEC243,23
23BEC244,ECE,Sem4,B,Student_23BEC244,23
23BEC245,ECE,Sem4,B,Student_23BEC245,23
23BEC246,ECE,Sem4,B,Student_23BEC246,23
23BEC247,ECE,Sem4,B,Student_23BEC247,23
23BEC248,ECE,Sem4,B,Student_23BEC248,23
23BEC249,ECE,Sem4,B,Student_23BEC249,23
23BEC250,ECE,Sem4,B,Student_23BEC250,23
22BEC101,ECE,Sem6,A,Student_22BEC101,22
22BEC102,ECE,Sem6,A,Student_22BEC102,22
22BEC103,ECE,Sem6,A,Student_22BEC103,22
22BEC104,ECE,Sem6,A,Student_22BEC104,22
22BEC105,ECE,Sem6,A,Student_22BEC105,22
22BEC106,ECE,Sem6,A,Student_22BEC106,22
22BEC107,ECE,Sem6,A,Student_22BEC107,22
22BEC108,ECE,Sem6,A,Student_22BEC108,22
22BEC109,ECE,Sem6,A,Student_22BEC109,22
22BEC110,ECE,Sem6,A,Student_22BEC110,22
22BEC111,ECE,Sem6,A,Student_22BEC111,22
22BEC112,ECE,Sem6,A,Student_22BEC112,22
22BEC113,ECE,Sem6,A,Student_22BEC113,22
22BEC114,ECE,Sem6,A,Student_22BEC114,22
22BEC115,ECE,Sem6,A,Student_22BEC115,22
22BEC116,ECE,Sem6,A,Student_22BEC116,22
22BEC117,ECE,Sem6,A,Student_22BEC117,22
22BEC118,ECE,Sem6,A,Student_22BEC118,22
22BEC119,ECE,Sem6,A,Student_22BEC119,22
22BEC120,ECE,Sem6,A,Student_22BEC120,22
22BEC121,ECE,Sem6,A,Student_22BEC121,22
22BEC122,ECE,Sem6,A,Student_22BEC122,22
22BEC123,ECE,Sem6,A,Student_22BEC123,22
22BEC124,ECE,Sem6,A,Student_22BEC124,22
22BEC125,ECE,Sem6,A,Student_22BEC125,22
22BEC126,ECE,Sem6,A,Student_22BEC126,22
22BEC127,ECE,Sem6,A,Student_22BEC127,22
22BEC128,ECE,Sem6,A,Student_22BEC128,22
22BEC129,ECE,Sem6,A,Student_22BEC129,22
22BEC130,ECE,Sem6,A,Student_22BEC130,22
22BEC131,ECE,Sem6,A,Student_22BEC131,22
22BEC132,ECE,Sem6,A,Student_22BEC132,22
22BEC133,ECE,Sem6,A,Student_22BEC133,22
22BEC134,ECE,Sem6,A,Student_22BEC134,22
22BEC135,ECE,Sem6,A,Student_22BEC135,22
22BEC136,ECE,Sem6,A,Student_22BEC136,22
22BEC137,ECE,Sem6,A,Student_22BEC137,22
22BEC138,ECE,Sem6,A,Student_22BEC138,22
22BEC139,ECE,Sem6,A,Student_22BEC139,22
22BEC140,ECE,Sem6,A,Student_22BEC140,22
22BEC141,ECE,Sem6,A,Student_22BEC141,22
22BEC142,ECE,Sem6,A,Student_22BEC142,22
22BEC143,ECE,Sem6,A,Student_22BEC143,22
22BEC144,ECE,Sem6,A,Student_22BEC144,22
22BEC145,ECE,Sem6,A,Student_22BEC145,22
22BEC146,ECE,Sem6,A,Student_22BEC146,22
22BEC147,ECE,Sem6,A,Student_22BEC147,22
22BEC148,ECE,Sem6,A,Student_22BEC148,22
22BEC149,ECE,Sem6,A,Student_22BEC149,22
22BEC150,ECE,Sem6,A,Student_22BEC150,22
22BEC151,ECE,Sem6,A,Student_22BEC151,22
22BEC152,ECE,Sem6,A,Student_22BEC152,22
22BEC153,ECE,Sem6,A,Student_22BEC153,22
22BEC154,ECE,Sem6,A,Student_22BEC154,22
22BEC155,ECE,Sem6,A,Student_22BEC155,22
22BEC156,ECE,Sem6,A,Student_22BEC156,22
22BEC157,ECE,Sem6,A,Student_22BEC157,22
22BEC158,ECE,Sem6,A,Student_22BEC158,22
22BEC159,ECE,Sem6,A,Student_22BEC159,22
22BEC160,ECE,Sem6,A,Student_22BEC160,22
22BEC161,ECE,Sem6,A,Student_22BEC161,22
22BEC162,ECE,Sem6,A,Student_22BEC162,22
22BEC163,ECE,Sem6,A,Student_22BEC163,22
22BEC164,ECE,Sem6,A,Student_22BEC164,22
22BEC165,ECE,Sem6,A,Student_22BEC165,22
22BEC166,ECE,Sem6,A,Student_22BEC166,22
22BEC167,ECE,Sem6,A,Student_22BEC167,22
22BEC168,ECE,Sem6,A,Student_22BEC168,22
22BEC169,ECE,Sem6,A,Student_22BEC169,22
22BEC170,ECE,Sem6,A,Student_22BEC170,22
22BEC171,ECE,Sem6,A,Student_22BEC171,22
22BEC172,ECE,Sem6,A,Student_22BEC172,22
22BEC173,ECE,Sem6,A,Student_22BEC173,22
22BEC174,ECE,Sem6,A,Student_22BEC174,22
22BEC175,ECE,Sem6,A,Student_22BEC175,22
22BEC176,ECE,Sem6,A,Student_22BEC176,22
22BEC177,ECE,Sem6,A,Student_22BEC177,22
22BEC178,ECE,Sem6,A,Student_22BEC178,22
22BEC179,ECE,Sem6,A,Student_22BEC179,22
22BEC180,ECE,Sem6,A,Student_22BEC180,22
22BEC181,ECE,Sem6,A,Student_22BEC181,22
22BEC182,ECE,Sem6,A,Student_22BEC182,22
22BEC183,ECE,Sem6,A,Student_22BEC183,22
22BEC184,ECE,Sem6,A,Student_22BEC184,22
22BEC185,ECE,Sem6,A,Student_22BEC185,22
22BEC186,ECE,Sem6,A,Student_22BEC186,22
22BEC187,ECE,Sem6,A,Student_22BEC187,22
22BEC188,ECE,Sem6,A,Student_22BEC188,22
22BEC189,ECE,Sem6,A,Student_22BEC189,22
22BEC190,ECE,Sem6,A,Student_22BEC190,22
22BEC151,ECE,Sem6,B,Student_22BEC151,22
22BEC152,ECE,Sem6,B,Student_22BEC152,22
22BEC153,ECE,Sem6,B,Student_22BEC153,22
22BEC154,ECE,Sem6,B,Student_22BEC154,22
22BEC155,ECE,Sem6,B,Student_22BEC155,22
22BEC156,ECE,Sem6,B,Student_22BEC156,22
22BEC157,ECE,Sem6,B,Student_22BEC157,22
22BEC158,ECE,Sem6,B,Student_22BEC158,22
22BEC159,ECE,Sem6,B,Student_22BEC159,22
22BEC160,ECE,Sem6,B,Student_22BEC160,22
22BEC161,ECE,Sem6,B,Student_22BEC161,22
22BEC162,ECE,Sem6,B,Student_22BEC162,22
22BEC163,ECE,Sem6,B,Student_22BEC163,22
22BEC164,ECE,Sem6,B,Student_22BEC164,22
22BEC165,ECE,Sem6,B,Student_22BEC165,22
22BEC166,ECE,Sem6,B,Student_22BEC166,22
22BEC167,ECE,Sem6,B,Student_22BEC167,22
22BEC168,ECE,Sem6,B,Student_22BEC168,22
22BEC169,ECE,Sem6,B,Student_22BEC169,22
22BEC170,ECE,Sem6,B,Student_22BEC170,22
22BEC171,ECE,Sem6,B,Student_22BEC171,22
22BEC172,ECE,Sem6,B,Student_22BEC172,22
22BEC173,ECE,Sem6,B,Student_22BEC173,22
22BEC174,ECE,Sem6,B,Student_22BEC174,22
22BEC175,ECE,Sem6,B,Student_22BEC175,22
22BEC176,ECE,Sem6,B,Student_22BEC176,22
22BEC177,ECE,Sem6,B,Student_22BEC177,22
22BEC178,ECE,Sem6,B,Student_22BEC178,22
22BEC179,ECE,Sem6,B,Student_22BEC179,22
22BEC180,ECE,Sem6,B,Student_22BEC180,22
22BEC181,ECE,Sem6,B,Student_22BEC181,22
22BEC182,ECE,Sem6,B,Student_22BEC182,22
22BEC183,ECE,Sem6,B,Student_22BEC183,22
22BEC184,ECE,Sem6,B,Student_22BEC184,22
22BEC185,ECE,Sem6,B,Student_22BEC185,22
22BEC186,ECE,Sem6,B,Student_22BEC186,22
22BEC187,ECE,Sem6,B,Student_22BEC187,22
22BEC188,ECE,Sem6,B,Student_22BEC188,22
22BEC189,ECE,Sem6,B,Student_22BEC189,22
22BEC190,ECE,Sem6,B,Student_22BEC190,22
22BEC191,ECE,Sem6,B,Student_22BEC191,22
22BEC192,ECE,Sem6,B,Student_22BEC192,22
22BEC193,ECE,Sem6,B,Student_22BEC193,22
22BEC194,ECE,Sem6,B,Student_22BEC194,22
22BEC195,ECE,Sem6,B,Student_22BEC195,22
22BEC196,ECE,Sem6,B,Student_22BEC196,22
22BEC197,ECE,Sem6,B,Student_22BEC197,22
22BEC198,ECE,Sem6,B,Student_22BEC198,22
22BEC199,ECE,Sem6,B,Student_22BEC199,22
22BEC200,ECE,Sem6,B,Student_22BEC200,22
22BEC201,ECE,Sem6,B,Student_22BEC201,22
22BEC202,ECE,Sem6,B,Student_22BEC202,22
22BEC203,ECE,Sem6,B,Student_22BEC203,22
22BEC204,ECE,Sem6,B,Student_22BEC204,22
22BEC205,ECE,Sem6,B,Student_22BEC205,22
22BEC206,ECE,Sem6,B,Student_22BEC206,22
22BEC207,ECE,Sem6,B,Student_22BEC207,22
22BEC208,ECE,Sem6,B,Student_22BEC208,22
22BEC209,ECE,Sem6,B,Student_22BEC209,22
22BEC210,ECE,Sem6,B,Student_22BEC210,22
22BEC211,ECE,Sem6,B,Student_22BEC211,22
22BEC212,ECE,Sem6,B,Student_22BEC212,22
22BEC213,ECE,Sem6,B,Student_22BEC213,22
22BEC214,ECE,Sem6,B,Student_22BEC214,22
22BEC215,ECE,Sem6,B,Student_22BEC215,22
22BEC216,ECE,Sem6,B,Student_22BEC216,22
22BEC217,ECE,Sem6,B,Student_22BEC217,22
22BEC218,ECE,Sem6,B,Student_22BEC218,22
22BEC219,ECE,Sem6,B,Student_22BEC219,22
22BEC220,ECE,Sem6,B,Student_22BEC220,22
22BEC221,ECE,Sem6,B,Student_22BEC221,22
22BEC222,ECE,Sem6,B,Student_22BEC222,22
22BEC223,ECE,Sem6,B,Student_22BEC223,22
22BEC224,ECE,Sem6,B,Student_22BEC224,22
22BEC225,ECE,Sem6,B,Student_22BEC225,22
22BEC226,ECE,Sem6,B,Student_22BEC226,22
22BEC227,ECE,Sem6,B,Student_22BEC227,22
22BEC228,ECE,Sem6,B,Student_22BEC228,22
22BEC229,ECE,Sem6,B,Student_22BEC229,22
22BEC230,ECE,Sem6,B,Student_22BEC230,22
22BEC231,ECE,Sem6,B,Student_22BEC231,22
22BEC232,ECE,Sem6,B,Student_22BEC232,22
22BEC233,ECE,Sem6,B,Student_22BEC233,22
22BEC234,ECE,Sem6,B,Student_22BEC234,22
22BEC235,ECE,Sem6,B,Student_22BEC235,22
22BEC236,ECE,Sem6,B,Student_22BEC236,22
22BEC237,ECE,Sem6,B,Student_22BEC237,22
22BEC238,ECE,Sem6,B,Student_22BEC238,22
22BEC239,ECE,Sem6,B,Student_22BEC239,22
22BEC240,ECE,Sem6,B,Student_22BEC240,22
